"effect_id","source_row","study","metric","g","vi","cluster_id","study_key","construct","band","state","timing_group","anatomical_scope","normalization","independent_experiments_in_cluster","quantitative_status","eligible_for_new_pool","digitized","fixed_order","mixed_route","variance_approximation","source_conflict","n_active_or_paired","n_control","source_effect_route","source_tier","source_design","source_direction","source_overlap","source_audit","se","ci_low","ci_high","interval_note"
"EEG-R002",2,"Zhao C et al. — visual WM/CDA (Sci Adv) 2022","CDA set-size effect",0.508222021336568,0.0257078704369381,"ZHAO-C-2022","Zhao","CDA amplitude set-size contrast","not applicable","task visual working memory","task endpoint","posterior CDA","ERP voltage",2,"Available study-level estimate; source/working assumptions retained",1,0,0,0,0,0,41,,"Within-paper fixed aggregate","EEG dynamics candidate","Two independent crossover experiments aggregated","Positive=favorable CDA modulation","Independent Exp.1–2; one paper-level effect","READY",0.160336740758125,0.193967784052108,0.822476258621027,"Approximate unadjusted Wald interval; recorded variance assumptions; descriptive only"
"EEG-R004",4,"Spera et al. 2021","Gamma",0.94909443519261,0.189341446208113,"SPERA-2021","Spera","scalp spectral power","gamma","eyes open","immediate post","scalp/frontal-central","scalp PSD; normalization not harmonized",1,"Available study-level estimate; source/working assumptions retained",1,0,1,0,0,0,8,,"Paired t-derived g","High-RoB sensitivity","Fixed-sequence within-subject pilot","Positive=higher active power","Select one condition per model","READY—SENSITIVITY",0.43513382563082,0.0962478085010714,1.80194106188415,"Approximate unadjusted Wald interval; recorded variance assumptions; descriptive only"
"EEG-R005",5,"Spera et al. 2021","Beta",0.914524770334601,0.184739682539683,"SPERA-2021","Spera","scalp spectral power","beta","eyes open","immediate post","scalp/frontal-central","scalp PSD; normalization not harmonized",1,"Available study-level estimate; source/working assumptions retained",1,0,1,0,0,0,8,,"Paired t-derived g","High-RoB sensitivity","Fixed-sequence within-subject pilot","Positive=higher active power","Select one condition per model","READY—SENSITIVITY",0.429813543923039,0.0721057041779196,1.75694383649128,"Approximate unadjusted Wald interval; recorded variance assumptions; descriptive only"
"EEG-R006",6,"Spera et al. 2021","Gamma",1.18647978048984,0.260168331983077,"SPERA-2021","Spera","scalp spectral power","gamma","eyes closed","immediate post","scalp/frontal-central","scalp PSD; normalization not harmonized",1,"Available study-level estimate; source/working assumptions retained",1,0,1,0,0,0,7,,"Paired t-derived g","High-RoB sensitivity","Fixed-sequence within-subject pilot","Positive=higher active power","Alternative condition; not with EO from same sample","READY—SENSITIVITY",0.510066987740901,0.186766854814835,2.18619270616483,"Approximate unadjusted Wald interval; recorded variance assumptions; descriptive only"
"EEG-R016",16,"Mehdizadeh et al. 2025","Absolute delta power — Fp1",-1.42791206636653,0.169742848856104,"MEHDIZADEH-2025","Mehdizadeh","scalp spectral power","delta","not verified in this snapshot","1-week post","Fp1","absolute delta power",1,"Available study-level estimate; source/working assumptions retained",1,0,0,0,0,0,15,15,"Independent post-treatment SMD from adjusted means±SD","EEG dynamics candidate—controlled spectral","Parallel double-blind randomized sham-controlled RCT","Negative=lower active delta power","Independent; Fp1 selected as first-listed frontal site to avoid outcome cherry-picking; other frontal sites are dependent outcomes","READY",0.41199860297834,-2.23541448988489,-0.620409642848168,"Approximate unadjusted Wald interval; recorded variance assumptions; descriptive only"
"EEG-R018",18,"He et al. 2026","Microstate C duration/network metrics",0.5932067256,0.03871115572,"HE-2026","He","microstate C mean duration","not applicable","eyes closed","immediate post","whole-scalp microstate","relative change; paired dz",1,"Available study-level estimate; source/working assumptions retained",1,0,0,0,0,0,29,29,"Author raw paired PW-vs-sham relative-change data; dz → Hedges g","Pooling-ready effect—no eligible microstate stratum","Randomized single-blind crossover","Positive = greater PW microstate C mean-duration relative change","Independent study; author supplied complete paired data on 2026-08-16","READY EFFECT—NO ELIGIBLE k≥3 STRATUM",0.196751507541874,0.207580856913967,0.978832594286033,"Approximate unadjusted Wald interval; recorded variance assumptions; descriptive only"
"EEG-R021",21,"Wang et al. 2019","Alpha / nominal Fp2",1.4157480315,0.1434724286,"WANG-2019","Wang2019","scalp spectral power","alpha","eyes open","during T8","nominal Fp2","baseline-normalized scalp PSD",1,"Available study-level estimate; source/working assumptions retained",1,1,1,0,1,0,17,,"Fig. 4 Cohen-d map digitization at prespecified Fp2/T8 → Hedges g; conservative independent-groups variance","Fixed-order high-RoB sensitivity—multilevel/RVE quantitative","Within-subject sham-controlled; sham first, active second same day","Positive=higher tPBM alpha power","Independent earlier n=17 cohort; distinct from cohort_id=UTA-1064-EEG-49 (Wang 2021/Shahdadian 2022/Wang 2022/Truong 2023)","READY—FIXED-ORDER SENSITIVITY",0.37877754500498,0.673357685137739,2.15813837786226,"Approximate unadjusted Wald interval; recorded variance assumptions; descriptive only"
"EEG-R023",23,"Chaudhari et al. 2023","Delta / network 1",1.05689324,0.28989369,"CHAUDHARI-2023","Chaudhari","source network power","delta","rest/task combined by source analysis","repeated treatment TP1","study-defined source network","S8-S1 normalized network power",1,"Available study-level estimate; source/working assumptions retained",1,1,0,0,1,0,8,8,"Figure mean±SEM digitization → Hedges g","Controlled EEG—multilevel/RVE quantitative (digitized)","Parallel randomized sham-controlled repeated-treatment RCT","Positive=higher tPBM ΔnP than sham","Independent cohort; 120 correlated network×band×TP effects. Cluster/nest within Chaudhari 2023. Working n=8/arm; test 7/9 sensitivity because S1/S8 usable samples differ. CSV: https://drive.google.com/file/d/19tts8xMvI0E5SrzVkTSORZIW6HtpORae/view","READY—DIGITIZED NETWORK POWER",0.538417765308687,0.00161381135843497,2.11217266864156,"Approximate unadjusted Wald interval; recorded variance assumptions; descriptive only"
"EEG-R025",25,"Ghaderi et al. 2021","Beta2 / clustering coefficient",-0.7736392548,0.1153583184,"GHADERI-2021","Ghaderi","graph clustering coefficient","beta2","rest; eye state not verified","immediate post","global graph","post/pre relative change",1,"Available study-level estimate; source/working assumptions retained",1,0,0,0,0,0,19,17,"Reported permutation t → independent-groups Hedges g","Controlled EEG—multilevel/RVE quantitative","Parallel randomized sham-controlled pre-post","Negative: test group lower than sham","Independent cohort; eight correlated global graph effects from the same study. Cluster by study / model dependence; do not treat as eight independent studies.","READY—NETWORK/TOPOLOGY",0.339644399924391,-1.43933004620253,-0.107948463397474,"Approximate unadjusted Wald interval; recorded variance assumptions; descriptive only"
"EEG-R027",27,"Ghaderi et al. 2021","Beta2 / local efficiency",-0.7573177516,0.1149908549,"GHADERI-2021","Ghaderi","graph local efficiency","beta2","rest; eye state not verified","immediate post","global graph","post/pre relative change",1,"Available study-level estimate; source/working assumptions retained",1,0,0,0,0,0,19,17,"Reported permutation t → independent-groups Hedges g","Controlled EEG—multilevel/RVE quantitative","Parallel randomized sham-controlled pre-post","Negative: test group lower than sham","Independent cohort; eight correlated global graph effects from the same study. Cluster by study / model dependence; do not treat as eight independent studies.","READY—NETWORK/TOPOLOGY",0.339103015173855,-1.4219474483897,-0.0926880548103042,"Approximate unadjusted Wald interval; recorded variance assumptions; descriptive only"
"EEG-R028",28,"Ghaderi et al. 2021","Beta2 / graph energy",-0.5386096078,0.1108227686,"GHADERI-2021","Ghaderi","graph graph energy","beta2","rest; eye state not verified","immediate post","global graph","post/pre relative change",1,"Available study-level estimate; source/working assumptions retained",1,0,0,0,0,0,19,17,"Reported permutation t → independent-groups Hedges g","Controlled EEG—multilevel/RVE quantitative","Parallel randomized sham-controlled pre-post","Negative: test group lower than sham","Independent cohort; eight correlated global graph effects from the same study. Cluster by study / model dependence; do not treat as eight independent studies.","READY—NETWORK/TOPOLOGY",0.332900538599744,-1.19108267388949,0.113863458289485,"Approximate unadjusted Wald interval; recorded variance assumptions; descriptive only"
"EEG-R029",29,"Ghaderi et al. 2021","Beta2 / Shannon entropy",0.5875741176,0.1116336955,"GHADERI-2021","Ghaderi","graph Shannon entropy","beta2","rest; eye state not verified","immediate post","global graph","post/pre relative change",1,"Available study-level estimate; source/working assumptions retained",1,0,0,0,0,0,19,17,"Reported permutation t → independent-groups Hedges g","Controlled EEG—multilevel/RVE quantitative","Parallel randomized sham-controlled pre-post","Positive: test group higher than sham","Independent cohort; eight correlated global graph effects from the same study. Cluster by study / model dependence; do not treat as eight independent studies.","READY—NETWORK/TOPOLOGY",0.334116290384052,-0.0672817782008677,1.24243001340087,"Approximate unadjusted Wald interval; recorded variance assumptions; descriptive only"
"EEG-R030",30,"Ghaderi et al. 2021","Beta4 / global efficiency",-0.6822388365,0.113401438,"GHADERI-2021","Ghaderi","graph global efficiency","beta4","rest; eye state not verified","immediate post","global graph","post/pre relative change",1,"Available study-level estimate; source/working assumptions retained",1,0,0,0,0,0,19,17,"Reported permutation t → independent-groups Hedges g","Controlled EEG—multilevel/RVE quantitative","Parallel randomized sham-controlled pre-post","Negative: test group lower than sham","Independent cohort; eight correlated global graph effects from the same study. Cluster by study / model dependence; do not treat as eight independent studies.","READY—NETWORK/TOPOLOGY",0.336751299923252,-1.34225925609662,-0.0222184169033803,"Approximate unadjusted Wald interval; recorded variance assumptions; descriptive only"
"EEG-R031",31,"Ghaderi et al. 2021","Beta4 / local efficiency",-0.639802928,0.1125764079,"GHADERI-2021","Ghaderi","graph local efficiency","beta4","rest; eye state not verified","immediate post","global graph","post/pre relative change",1,"Available study-level estimate; source/working assumptions retained",1,0,0,0,0,0,19,17,"Reported permutation t → independent-groups Hedges g","Controlled EEG—multilevel/RVE quantitative","Parallel randomized sham-controlled pre-post","Negative: test group lower than sham","Independent cohort; eight correlated global graph effects from the same study. Cluster by study / model dependence; do not treat as eight independent studies.","READY—NETWORK/TOPOLOGY",0.335524079463755,-1.29741803969491,0.0178121836949142,"Approximate unadjusted Wald interval; recorded variance assumptions; descriptive only"
"EEG-R032",32,"Ghaderi et al. 2021","Beta4 / graph energy",-0.6430672287,0.1126379914,"GHADERI-2021","Ghaderi","graph graph energy","beta4","rest; eye state not verified","immediate post","global graph","post/pre relative change",1,"Available study-level estimate; source/working assumptions retained",1,0,0,0,0,0,19,17,"Reported permutation t → independent-groups Hedges g","Controlled EEG—multilevel/RVE quantitative","Parallel randomized sham-controlled pre-post","Negative: test group lower than sham","Independent cohort; eight correlated global graph effects from the same study. Cluster by study / model dependence; do not treat as eight independent studies.","READY—NETWORK/TOPOLOGY",0.335615839018363,-1.30086218581718,0.0147277284171847,"Approximate unadjusted Wald interval; recorded variance assumptions; descriptive only"
"EEG-R033",33,"Ghaderi et al. 2021","Beta4 / Shannon entropy",0.7050889411,0.1138676231,"GHADERI-2021","Ghaderi","graph Shannon entropy","beta4","rest; eye state not verified","immediate post","global graph","post/pre relative change",1,"Available study-level estimate; source/working assumptions retained",1,0,0,0,0,0,19,17,"Reported permutation t → independent-groups Hedges g","Controlled EEG—multilevel/RVE quantitative","Parallel randomized sham-controlled pre-post","Positive: test group higher than sham","Independent cohort; eight correlated global graph effects from the same study. Cluster by study / model dependence; do not treat as eight independent studies.","READY—NETWORK/TOPOLOGY",0.337442770110726,0.043713264839549,1.36646461736045,"Approximate unadjusted Wald interval; recorded variance assumptions; descriptive only"
"EEG-R034",34,"Chaudhari et al. 2023","Delta N2 [CHA-NP-TP1-DELTA-N02]",2.253087672,0.4313001449,"CHAUDHARI-2023","Chaudhari","source network power","delta","rest/task combined by source analysis","repeated treatment TP1","study-defined source network","S8-S1 normalized network power",1,"Available study-level estimate; source/working assumptions retained",1,1,0,0,1,0,,,"","","","Positive=higher tPBM ΔnP","Same independent Chaudhari cohort; correlated effect; n=8/arm working assumption.","READY—DIGITIZED NETWORK POWER",0.656734455392741,0.965911792023701,3.5402635519763,"Approximate unadjusted Wald interval; recorded variance assumptions; descriptive only"
"EEG-R035",35,"Chaudhari et al. 2023","Delta N3 [CHA-NP-TP1-DELTA-N03]",2.589408969,0.4894656717,"CHAUDHARI-2023","Chaudhari","source network power","delta","rest/task combined by source analysis","repeated treatment TP1","study-defined source network","S8-S1 normalized network power",1,"Available study-level estimate; source/working assumptions retained",1,1,0,0,1,0,,,"","","","Positive=higher tPBM ΔnP","Same independent Chaudhari cohort; correlated effect; n=8/arm working assumption.","READY—DIGITIZED NETWORK POWER",0.69961823282416,1.21818242973709,3.96063550826291,"Approximate unadjusted Wald interval; recorded variance assumptions; descriptive only"
"EEG-R036",36,"Chaudhari et al. 2023","Delta N4 [CHA-NP-TP1-DELTA-N04]",0.9479507994,0.2820932399,"CHAUDHARI-2023","Chaudhari","source network power","delta","rest/task combined by source analysis","repeated treatment TP1","study-defined source network","S8-S1 normalized network power",1,"Available study-level estimate; source/working assumptions retained",1,1,0,0,1,0,,,"","","","Positive=higher tPBM ΔnP","Same independent Chaudhari cohort; correlated effect; n=8/arm working assumption.","READY—DIGITIZED NETWORK POWER",0.531124505083319,-0.093034101869965,1.98893570066997,"Approximate unadjusted Wald interval; recorded variance assumptions; descriptive only"
"EEG-R037",37,"Chaudhari et al. 2023","Delta N5 [CHA-NP-TP1-DELTA-N05]",-0.07492054598,0.2502004674,"CHAUDHARI-2023","Chaudhari","source network power","delta","rest/task combined by source analysis","repeated treatment TP1","study-defined source network","S8-S1 normalized network power",1,"Available study-level estimate; source/working assumptions retained",1,1,0,0,1,0,,,"","","","Negative=lower tPBM ΔnP","Same independent Chaudhari cohort; correlated effect; n=8/arm working assumption.","READY—DIGITIZED NETWORK POWER",0.500200427228926,-1.05529536840024,0.905454276440243,"Approximate unadjusted Wald interval; recorded variance assumptions; descriptive only"
"EEG-R038",38,"Chaudhari et al. 2023","Delta N6 [CHA-NP-TP1-DELTA-N06]",1.188185492,0.3004208844,"CHAUDHARI-2023","Chaudhari","source network power","delta","rest/task combined by source analysis","repeated treatment TP1","study-defined source network","S8-S1 normalized network power",1,"Available study-level estimate; source/working assumptions retained",1,1,0,0,1,0,,,"","","","Positive=higher tPBM ΔnP","Same independent Chaudhari cohort; correlated effect; n=8/arm working assumption.","READY—DIGITIZED NETWORK POWER",0.548106635975154,0.113916225801292,2.26245475819871,"Approximate unadjusted Wald interval; recorded variance assumptions; descriptive only"
"EEG-R039",39,"Chaudhari et al. 2023","Delta N7 [CHA-NP-TP1-DELTA-N07]",-0.5048791053,0.2591036754,"CHAUDHARI-2023","Chaudhari","source network power","delta","rest/task combined by source analysis","repeated treatment TP1","study-defined source network","S8-S1 normalized network power",1,"Available study-level estimate; source/working assumptions retained",1,1,0,0,1,0,,,"","","","Negative=lower tPBM ΔnP","Same independent Chaudhari cohort; correlated effect; n=8/arm working assumption.","READY—DIGITIZED NETWORK POWER",0.509022273972368,-1.50254442961452,0.49278621901452,"Approximate unadjusted Wald interval; recorded variance assumptions; descriptive only"
"EEG-R040",40,"Chaudhari et al. 2023","Delta N8 [CHA-NP-TP1-DELTA-N08]",-0.3285725646,0.2538557118,"CHAUDHARI-2023","Chaudhari","source network power","delta","rest/task combined by source analysis","repeated treatment TP1","study-defined source network","S8-S1 normalized network power",1,"Available study-level estimate; source/working assumptions retained",1,1,0,0,1,0,,,"","","","Negative=lower tPBM ΔnP","Same independent Chaudhari cohort; correlated effect; n=8/arm working assumption.","READY—DIGITIZED NETWORK POWER",0.503840958835226,-1.31608269785317,0.658937568653171,"Approximate unadjusted Wald interval; recorded variance assumptions; descriptive only"
"EEG-R041",41,"Chaudhari et al. 2023","Delta N9 [CHA-NP-TP1-DELTA-N09]",1.656130522,0.3479560109,"CHAUDHARI-2023","Chaudhari","source network power","delta","rest/task combined by source analysis","repeated treatment TP1","study-defined source network","S8-S1 normalized network power",1,"Available study-level estimate; source/working assumptions retained",1,1,0,0,1,0,,,"","","","Positive=higher tPBM ΔnP","Same independent Chaudhari cohort; correlated effect; n=8/arm working assumption.","READY—DIGITIZED NETWORK POWER",0.589877962717713,0.499990959799421,2.81227008420058,"Approximate unadjusted Wald interval; recorded variance assumptions; descriptive only"
"EEG-R042",42,"Chaudhari et al. 2023","Delta N10 [CHA-NP-TP1-DELTA-N10]",1.846634869,0.3717878693,"CHAUDHARI-2023","Chaudhari","source network power","delta","rest/task combined by source analysis","repeated treatment TP1","study-defined source network","S8-S1 normalized network power",1,"Available study-level estimate; source/working assumptions retained",1,1,0,0,1,0,,,"","","","Positive=higher tPBM ΔnP","Same independent Chaudhari cohort; correlated effect; n=8/arm working assumption.","READY—DIGITIZED NETWORK POWER",0.609744101488485,0.651558390296834,3.04171134770317,"Approximate unadjusted Wald interval; recorded variance assumptions; descriptive only"
"EEG-R043",43,"Chaudhari et al. 2023","Delta N11 [CHA-NP-TP1-DELTA-N11]",1.530689344,0.3336789238,"CHAUDHARI-2023","Chaudhari","source network power","delta","rest/task combined by source analysis","repeated treatment TP1","study-defined source network","S8-S1 normalized network power",1,"Available study-level estimate; source/working assumptions retained",1,1,0,0,1,0,,,"","","","Positive=higher tPBM ΔnP","Same independent Chaudhari cohort; correlated effect; n=8/arm working assumption.","READY—DIGITIZED NETWORK POWER",0.577649481779392,0.398517164024166,2.66286152397583,"Approximate unadjusted Wald interval; recorded variance assumptions; descriptive only"
"EEG-R044",44,"Chaudhari et al. 2023","Delta N12 [CHA-NP-TP1-DELTA-N12]",-1.547352259,0.3355106791,"CHAUDHARI-2023","Chaudhari","source network power","delta","rest/task combined by source analysis","repeated treatment TP1","study-defined source network","S8-S1 normalized network power",1,"Available study-level estimate; source/working assumptions retained",1,1,0,0,1,0,,,"","","","Negative=lower tPBM ΔnP","Same independent Chaudhari cohort; correlated effect; n=8/arm working assumption.","READY—DIGITIZED NETWORK POWER",0.579232836690048,-2.68262775757546,-0.412076760424535,"Approximate unadjusted Wald interval; recorded variance assumptions; descriptive only"
"EEG-R045",45,"Chaudhari et al. 2023","Theta N1 [CHA-NP-TP1-THETA-N01]",1.345938646,0.3146982442,"CHAUDHARI-2023","Chaudhari","source network power","theta","rest/task combined by source analysis","repeated treatment TP1","study-defined source network","S8-S1 normalized network power",1,"Available study-level estimate; source/working assumptions retained",1,1,0,0,1,0,,,"","","","Positive=higher tPBM ΔnP","Same independent Chaudhari cohort; correlated effect; n=8/arm working assumption.","READY—DIGITIZED NETWORK POWER",0.5609797181717,0.246438602326039,2.44543868967396,"Approximate unadjusted Wald interval; recorded variance assumptions; descriptive only"
"EEG-R046",46,"Chaudhari et al. 2023","Theta N2 [CHA-NP-TP1-THETA-N02]",2.19522434,0.4221074965,"CHAUDHARI-2023","Chaudhari","source network power","theta","rest/task combined by source analysis","repeated treatment TP1","study-defined source network","S8-S1 normalized network power",1,"Available study-level estimate; source/working assumptions retained",1,1,0,0,1,0,,,"","","","Positive=higher tPBM ΔnP","Same independent Chaudhari cohort; correlated effect; n=8/arm working assumption.","READY—DIGITIZED NETWORK POWER",0.64969800407574,0.921839651183993,3.46860902881601,"Approximate unadjusted Wald interval; recorded variance assumptions; descriptive only"
"EEG-R047",47,"Chaudhari et al. 2023","Theta N3 [CHA-NP-TP1-THETA-N03]",3.634951534,0.7218883091,"CHAUDHARI-2023","Chaudhari","source network power","theta","rest/task combined by source analysis","repeated treatment TP1","study-defined source network","S8-S1 normalized network power",1,"Available study-level estimate; source/working assumptions retained",1,1,0,0,1,0,,,"","","","Positive=higher tPBM ΔnP","Same independent Chaudhari cohort; correlated effect; n=8/arm working assumption.","READY—DIGITIZED NETWORK POWER",0.849640105632967,1.96968752713858,5.30021554086142,"Approximate unadjusted Wald interval; recorded variance assumptions; descriptive only"
"EEG-R048",48,"Chaudhari et al. 2023","Theta N4 [CHA-NP-TP1-THETA-N04]",1.319680505,0.3121984512,"CHAUDHARI-2023","Chaudhari","source network power","theta","rest/task combined by source analysis","repeated treatment TP1","study-defined source network","S8-S1 normalized network power",1,"Available study-level estimate; source/working assumptions retained",1,1,0,0,1,0,,,"","","","Positive=higher tPBM ΔnP","Same independent Chaudhari cohort; correlated effect; n=8/arm working assumption.","READY—DIGITIZED NETWORK POWER",0.55874721583199,0.224556085507272,2.41480492449273,"Approximate unadjusted Wald interval; recorded variance assumptions; descriptive only"
"EEG-R049",49,"Chaudhari et al. 2023","Theta N5 [CHA-NP-TP1-THETA-N05]",1.079620546,0.2916278758,"CHAUDHARI-2023","Chaudhari","source network power","theta","rest/task combined by source analysis","repeated treatment TP1","study-defined source network","S8-S1 normalized network power",1,"Available study-level estimate; source/working assumptions retained",1,1,0,0,1,0,,,"","","","Positive=higher tPBM ΔnP","Same independent Chaudhari cohort; correlated effect; n=8/arm working assumption.","READY—DIGITIZED NETWORK POWER",0.5400258103091,0.0211894070721053,2.13805168492789,"Approximate unadjusted Wald interval; recorded variance assumptions; descriptive only"
"EEG-R050",50,"Chaudhari et al. 2023","Theta N6 [CHA-NP-TP1-THETA-N06]",1.600286644,0.3414613337,"CHAUDHARI-2023","Chaudhari","source network power","theta","rest/task combined by source analysis","repeated treatment TP1","study-defined source network","S8-S1 normalized network power",1,"Available study-level estimate; source/working assumptions retained",1,1,0,0,1,0,,,"","","","Positive=higher tPBM ΔnP","Same independent Chaudhari cohort; correlated effect; n=8/arm working assumption.","READY—DIGITIZED NETWORK POWER",0.584346929229546,0.454987708233515,2.74558557976649,"Approximate unadjusted Wald interval; recorded variance assumptions; descriptive only"
"EEG-R051",51,"Chaudhari et al. 2023","Theta N7 [CHA-NP-TP1-THETA-N07]",-0.8127977099,0.2735942899,"CHAUDHARI-2023","Chaudhari","source network power","theta","rest/task combined by source analysis","repeated treatment TP1","study-defined source network","S8-S1 normalized network power",1,"Available study-level estimate; source/working assumptions retained",1,1,0,0,1,0,,,"","","","Negative=lower tPBM ΔnP","Same independent Chaudhari cohort; correlated effect; n=8/arm working assumption.","READY—DIGITIZED NETWORK POWER",0.523062414918143,-1.83798120480611,0.212385785006107,"Approximate unadjusted Wald interval; recorded variance assumptions; descriptive only"
"EEG-R052",52,"Chaudhari et al. 2023","Theta N8 [CHA-NP-TP1-THETA-N08]",1.677709679,0.3505253489,"CHAUDHARI-2023","Chaudhari","source network power","theta","rest/task combined by source analysis","repeated treatment TP1","study-defined source network","S8-S1 normalized network power",1,"Available study-level estimate; source/working assumptions retained",1,1,0,0,1,0,,,"","","","Positive=higher tPBM ΔnP","Same independent Chaudhari cohort; correlated effect; n=8/arm working assumption.","READY—DIGITIZED NETWORK POWER",0.592051812681964,0.517309449161695,2.8381099088383,"Approximate unadjusted Wald interval; recorded variance assumptions; descriptive only"
"EEG-R053",53,"Chaudhari et al. 2023","Theta N9 [CHA-NP-TP1-THETA-N09]",1.847784097,0.3719395025,"CHAUDHARI-2023","Chaudhari","source network power","theta","rest/task combined by source analysis","repeated treatment TP1","study-defined source network","S8-S1 normalized network power",1,"Available study-level estimate; source/working assumptions retained",1,1,0,0,1,0,,,"","","","Positive=higher tPBM ΔnP","Same independent Chaudhari cohort; correlated effect; n=8/arm working assumption.","READY—DIGITIZED NETWORK POWER",0.609868430483166,0.652463937945026,3.04310425605497,"Approximate unadjusted Wald interval; recorded variance assumptions; descriptive only"
"EEG-R054",54,"Chaudhari et al. 2023","Theta N10 [CHA-NP-TP1-THETA-N10]",2.466655645,0.4672996454,"CHAUDHARI-2023","Chaudhari","source network power","theta","rest/task combined by source analysis","repeated treatment TP1","study-defined source network","S8-S1 normalized network power",1,"Available study-level estimate; source/working assumptions retained",1,1,0,0,1,0,,,"","","","Positive=higher tPBM ΔnP","Same independent Chaudhari cohort; correlated effect; n=8/arm working assumption.","READY—DIGITIZED NETWORK POWER",0.683593187063768,1.12683761827806,3.80647367172194,"Approximate unadjusted Wald interval; recorded variance assumptions; descriptive only"
"EEG-R055",55,"Chaudhari et al. 2023","Theta N11 [CHA-NP-TP1-THETA-N11]",2.602514227,0.4918957251,"CHAUDHARI-2023","Chaudhari","source network power","theta","rest/task combined by source analysis","repeated treatment TP1","study-defined source network","S8-S1 normalized network power",1,"Available study-level estimate; source/working assumptions retained",1,1,0,0,1,0,,,"","","","Positive=higher tPBM ΔnP","Same independent Chaudhari cohort; correlated effect; n=8/arm working assumption.","READY—DIGITIZED NETWORK POWER",0.701352782200228,1.22788803343059,3.97714042056941,"Approximate unadjusted Wald interval; recorded variance assumptions; descriptive only"
"EEG-R056",56,"Chaudhari et al. 2023","Theta N12 [CHA-NP-TP1-THETA-N12]",1.142176401,0.2965916761,"CHAUDHARI-2023","Chaudhari","source network power","theta","rest/task combined by source analysis","repeated treatment TP1","study-defined source network","S8-S1 normalized network power",1,"Available study-level estimate; source/working assumptions retained",1,1,0,0,1,0,,,"","","","Positive=higher tPBM ΔnP","Same independent Chaudhari cohort; correlated effect; n=8/arm working assumption.","READY—DIGITIZED NETWORK POWER",0.54460231003917,0.0747754874259112,2.20957731457409,"Approximate unadjusted Wald interval; recorded variance assumptions; descriptive only"
"EEG-R057",57,"Chaudhari et al. 2023","Alpha N1 [CHA-NP-TP1-ALPHA-N01]",0.3087232754,0.2534039307,"CHAUDHARI-2023","Chaudhari","source network power","alpha","rest/task combined by source analysis","repeated treatment TP1","study-defined source network","S8-S1 normalized network power",1,"Available study-level estimate; source/working assumptions retained",1,1,0,0,1,0,,,"","","","Positive=higher tPBM ΔnP","Same independent Chaudhari cohort; correlated effect; n=8/arm working assumption.","READY—DIGITIZED NETWORK POWER",0.503392422171808,-0.677907742147126,1.29535429294713,"Approximate unadjusted Wald interval; recorded variance assumptions; descriptive only"
"EEG-R058",58,"Chaudhari et al. 2023","Alpha N2 [CHA-NP-TP1-ALPHA-N02]",2.891030919,0.5485021347,"CHAUDHARI-2023","Chaudhari","source network power","alpha","rest/task combined by source analysis","repeated treatment TP1","study-defined source network","S8-S1 normalized network power",1,"Available study-level estimate; source/working assumptions retained",1,1,0,0,1,0,,,"","","","Positive=higher tPBM ΔnP","Same independent Chaudhari cohort; correlated effect; n=8/arm working assumption.","READY—DIGITIZED NETWORK POWER",0.740609299631054,1.4394633651077,4.3425984728923,"Approximate unadjusted Wald interval; recorded variance assumptions; descriptive only"
"EEG-R059",59,"Chaudhari et al. 2023","Alpha N3 [CHA-NP-TP1-ALPHA-N03]",1.808268418,0.3667798097,"CHAUDHARI-2023","Chaudhari","source network power","alpha","rest/task combined by source analysis","repeated treatment TP1","study-defined source network","S8-S1 normalized network power",1,"Available study-level estimate; source/working assumptions retained",1,1,0,0,1,0,,,"","","","Positive=higher tPBM ΔnP","Same independent Chaudhari cohort; correlated effect; n=8/arm working assumption.","READY—DIGITIZED NETWORK POWER",0.605623488398526,0.621268192547377,2.99526864345262,"Approximate unadjusted Wald interval; recorded variance assumptions; descriptive only"
"EEG-R060",60,"Chaudhari et al. 2023","Alpha N4 [CHA-NP-TP1-ALPHA-N04]",0.6375547628,0.2645170027,"CHAUDHARI-2023","Chaudhari","source network power","alpha","rest/task combined by source analysis","repeated treatment TP1","study-defined source network","S8-S1 normalized network power",1,"Available study-level estimate; source/working assumptions retained",1,1,0,0,1,0,,,"","","","Positive=higher tPBM ΔnP","Same independent Chaudhari cohort; correlated effect; n=8/arm working assumption.","READY—DIGITIZED NETWORK POWER",0.514312164643225,-0.370478556711556,1.64558808231156,"Approximate unadjusted Wald interval; recorded variance assumptions; descriptive only"
"EEG-R061",61,"Chaudhari et al. 2023","Alpha N5 [CHA-NP-TP1-ALPHA-N05]",0.9898977345,0.2849963402,"CHAUDHARI-2023","Chaudhari","source network power","alpha","rest/task combined by source analysis","repeated treatment TP1","study-defined source network","S8-S1 normalized network power",1,"Available study-level estimate; source/working assumptions retained",1,1,0,0,1,0,,,"","","","Positive=higher tPBM ΔnP","Same independent Chaudhari cohort; correlated effect; n=8/arm working assumption.","READY—DIGITIZED NETWORK POWER",0.533850484873808,-0.0564299889819084,2.03622545798191,"Approximate unadjusted Wald interval; recorded variance assumptions; descriptive only"
"EEG-R062",62,"Chaudhari et al. 2023","Alpha N6 [CHA-NP-TP1-ALPHA-N06]",0.5326334205,0.2601320843,"CHAUDHARI-2023","Chaudhari","source network power","alpha","rest/task combined by source analysis","repeated treatment TP1","study-defined source network","S8-S1 normalized network power",1,"Available study-level estimate; source/working assumptions retained",1,1,0,0,1,0,,,"","","","Positive=higher tPBM ΔnP","Same independent Chaudhari cohort; correlated effect; n=8/arm working assumption.","READY—DIGITIZED NETWORK POWER",0.51003145422611,-0.467009860765764,1.53227670176576,"Approximate unadjusted Wald interval; recorded variance assumptions; descriptive only"
"EEG-R063",63,"Chaudhari et al. 2023","Alpha N7 [CHA-NP-TP1-ALPHA-N07]",-0.2112267863,0.2515934555,"CHAUDHARI-2023","Chaudhari","source network power","alpha","rest/task combined by source analysis","repeated treatment TP1","study-defined source network","S8-S1 normalized network power",1,"Available study-level estimate; source/working assumptions retained",1,1,0,0,1,0,,,"","","","Negative=lower tPBM ΔnP","Same independent Chaudhari cohort; correlated effect; n=8/arm working assumption.","READY—DIGITIZED NETWORK POWER",0.501590924459365,-1.19432693321251,0.771873360612505,"Approximate unadjusted Wald interval; recorded variance assumptions; descriptive only"
"EEG-R064",64,"Chaudhari et al. 2023","Alpha N8 [CHA-NP-TP1-ALPHA-N08]",0.6189884674,0.2636838115,"CHAUDHARI-2023","Chaudhari","source network power","alpha","rest/task combined by source analysis","repeated treatment TP1","study-defined source network","S8-S1 normalized network power",1,"Available study-level estimate; source/working assumptions retained",1,1,0,0,1,0,,,"","","","Positive=higher tPBM ΔnP","Same independent Chaudhari cohort; correlated effect; n=8/arm working assumption.","READY—DIGITIZED NETWORK POWER",0.513501520445656,-0.387456018680043,1.62543295348004,"Approximate unadjusted Wald interval; recorded variance assumptions; descriptive only"
"EEG-R065",65,"Chaudhari et al. 2023","Alpha N9 [CHA-NP-TP1-ALPHA-N09]",3.389658332,0.6603494145,"CHAUDHARI-2023","Chaudhari","source network power","alpha","rest/task combined by source analysis","repeated treatment TP1","study-defined source network","S8-S1 normalized network power",1,"Available study-level estimate; source/working assumptions retained",1,1,0,0,1,0,,,"","","","Positive=higher tPBM ΔnP","Same independent Chaudhari cohort; correlated effect; n=8/arm working assumption.","READY—DIGITIZED NETWORK POWER",0.812618861767311,1.79695462977814,4.98236203422186,"Approximate unadjusted Wald interval; recorded variance assumptions; descriptive only"
"EEG-R066",66,"Chaudhari et al. 2023","Alpha N10 [CHA-NP-TP1-ALPHA-N10]",1.664740049,0.3489771225,"CHAUDHARI-2023","Chaudhari","source network power","alpha","rest/task combined by source analysis","repeated treatment TP1","study-defined source network","S8-S1 normalized network power",1,"Available study-level estimate; source/working assumptions retained",1,1,0,0,1,0,,,"","","","Positive=higher tPBM ΔnP","Same independent Chaudhari cohort; correlated effect; n=8/arm working assumption.","READY—DIGITIZED NETWORK POWER",0.590742856495108,0.506905326145275,2.82257477185473,"Approximate unadjusted Wald interval; recorded variance assumptions; descriptive only"
"EEG-R067",67,"Chaudhari et al. 2023","Alpha N11 [CHA-NP-TP1-ALPHA-N11]",1.661792768,0.3486269715,"CHAUDHARI-2023","Chaudhari","source network power","alpha","rest/task combined by source analysis","repeated treatment TP1","study-defined source network","S8-S1 normalized network power",1,"Available study-level estimate; source/working assumptions retained",1,1,0,0,1,0,,,"","","","Positive=higher tPBM ΔnP","Same independent Chaudhari cohort; correlated effect; n=8/arm working assumption.","READY—DIGITIZED NETWORK POWER",0.590446417128599,0.504539055627232,2.81904648037277,"Approximate unadjusted Wald interval; recorded variance assumptions; descriptive only"
"EEG-R068",68,"Chaudhari et al. 2023","Alpha N12 [CHA-NP-TP1-ALPHA-N12]",1.004862706,0.2860624663,"CHAUDHARI-2023","Chaudhari","source network power","alpha","rest/task combined by source analysis","repeated treatment TP1","study-defined source network","S8-S1 normalized network power",1,"Available study-level estimate; source/working assumptions retained",1,1,0,0,1,0,,,"","","","Positive=higher tPBM ΔnP","Same independent Chaudhari cohort; correlated effect; n=8/arm working assumption.","READY—DIGITIZED NETWORK POWER",0.534848077775362,-0.0434202636401875,2.05314567564019,"Approximate unadjusted Wald interval; recorded variance assumptions; descriptive only"
"EEG-R069",69,"Chaudhari et al. 2023","Beta N1 [CHA-NP-TP1-BETA-N01]",0.5742050341,0.2617754079,"CHAUDHARI-2023","Chaudhari","source network power","beta","rest/task combined by source analysis","repeated treatment TP1","study-defined source network","S8-S1 normalized network power",1,"Available study-level estimate; source/working assumptions retained",1,1,0,0,1,0,,,"","","","Positive=higher tPBM ΔnP","Same independent Chaudhari cohort; correlated effect; n=8/arm working assumption.","READY—DIGITIZED NETWORK POWER",0.511639920158699,-0.428590782463999,1.577000850664,"Approximate unadjusted Wald interval; recorded variance assumptions; descriptive only"
"EEG-R070",70,"Chaudhari et al. 2023","Beta N2 [CHA-NP-TP1-BETA-N02]",1.98824542,0.3911828519,"CHAUDHARI-2023","Chaudhari","source network power","beta","rest/task combined by source analysis","repeated treatment TP1","study-defined source network","S8-S1 normalized network power",1,"Available study-level estimate; source/working assumptions retained",1,1,0,0,1,0,,,"","","","Positive=higher tPBM ΔnP","Same independent Chaudhari cohort; correlated effect; n=8/arm working assumption.","READY—DIGITIZED NETWORK POWER",0.625446122299915,0.762393546021933,3.21409729397807,"Approximate unadjusted Wald interval; recorded variance assumptions; descriptive only"
"EEG-R071",71,"Chaudhari et al. 2023","Beta N3 [CHA-NP-TP1-BETA-N03]",2.560206432,0.4840948919,"CHAUDHARI-2023","Chaudhari","source network power","beta","rest/task combined by source analysis","repeated treatment TP1","study-defined source network","S8-S1 normalized network power",1,"Available study-level estimate; source/working assumptions retained",1,1,0,0,1,0,,,"","","","Positive=higher tPBM ΔnP","Same independent Chaudhari cohort; correlated effect; n=8/arm working assumption.","READY—DIGITIZED NETWORK POWER",0.695769280652717,1.19652370037133,3.92388916362867,"Approximate unadjusted Wald interval; recorded variance assumptions; descriptive only"
"EEG-R072",72,"Chaudhari et al. 2023","Beta N4 [CHA-NP-TP1-BETA-N04]",1.439756161,0.3240320644,"CHAUDHARI-2023","Chaudhari","source network power","beta","rest/task combined by source analysis","repeated treatment TP1","study-defined source network","S8-S1 normalized network power",1,"Available study-level estimate; source/working assumptions retained",1,1,0,0,1,0,,,"","","","Positive=higher tPBM ΔnP","Same independent Chaudhari cohort; correlated effect; n=8/arm working assumption.","READY—DIGITIZED NETWORK POWER",0.569238143837884,0.324069900451316,2.55544242154868,"Approximate unadjusted Wald interval; recorded variance assumptions; descriptive only"
"EEG-R073",73,"Chaudhari et al. 2023","Beta N5 [CHA-NP-TP1-BETA-N05]",0.3531266771,0.2544535161,"CHAUDHARI-2023","Chaudhari","source network power","beta","rest/task combined by source analysis","repeated treatment TP1","study-defined source network","S8-S1 normalized network power",1,"Available study-level estimate; source/working assumptions retained",1,1,0,0,1,0,,,"","","","Positive=higher tPBM ΔnP","Same independent Chaudhari cohort; correlated effect; n=8/arm working assumption.","READY—DIGITIZED NETWORK POWER",0.504433857011997,-0.635545515226142,1.34179886942614,"Approximate unadjusted Wald interval; recorded variance assumptions; descriptive only"
"EEG-R074",74,"Chaudhari et al. 2023","Beta N6 [CHA-NP-TP1-BETA-N06]",1.005038576,0.2860750907,"CHAUDHARI-2023","Chaudhari","source network power","beta","rest/task combined by source analysis","repeated treatment TP1","study-defined source network","S8-S1 normalized network power",1,"Available study-level estimate; source/working assumptions retained",1,1,0,0,1,0,,,"","","","Positive=higher tPBM ΔnP","Same independent Chaudhari cohort; correlated effect; n=8/arm working assumption.","READY—DIGITIZED NETWORK POWER",0.534859879501164,-0.043267524597715,2.05334467659771,"Approximate unadjusted Wald interval; recorded variance assumptions; descriptive only"
"EEG-R075",75,"Chaudhari et al. 2023","Beta N7 [CHA-NP-TP1-BETA-N07]",-0.2381796497,0.2520260552,"CHAUDHARI-2023","Chaudhari","source network power","beta","rest/task combined by source analysis","repeated treatment TP1","study-defined source network","S8-S1 normalized network power",1,"Available study-level estimate; source/working assumptions retained",1,1,0,0,1,0,,,"","","","Negative=lower tPBM ΔnP","Same independent Chaudhari cohort; correlated effect; n=8/arm working assumption.","READY—DIGITIZED NETWORK POWER",0.502021966850057,-1.22212462417407,0.745765324774073,"Approximate unadjusted Wald interval; recorded variance assumptions; descriptive only"
"EEG-R076",76,"Chaudhari et al. 2023","Beta N8 [CHA-NP-TP1-BETA-N08]",-0.1318739743,0.250621098,"CHAUDHARI-2023","Chaudhari","source network power","beta","rest/task combined by source analysis","repeated treatment TP1","study-defined source network","S8-S1 normalized network power",1,"Available study-level estimate; source/working assumptions retained",1,1,0,0,1,0,,,"","","","Negative=lower tPBM ΔnP","Same independent Chaudhari cohort; correlated effect; n=8/arm working assumption.","READY—DIGITIZED NETWORK POWER",0.500620712715725,-1.11307254113759,0.849324592537593,"Approximate unadjusted Wald interval; recorded variance assumptions; descriptive only"
"EEG-R077",77,"Chaudhari et al. 2023","Beta N9 [CHA-NP-TP1-BETA-N09]",2.348759113,0.4470239061,"CHAUDHARI-2023","Chaudhari","source network power","beta","rest/task combined by source analysis","repeated treatment TP1","study-defined source network","S8-S1 normalized network power",1,"Available study-level estimate; source/working assumptions retained",1,1,0,0,1,0,,,"","","","Positive=higher tPBM ΔnP","Same independent Chaudhari cohort; correlated effect; n=8/arm working assumption.","READY—DIGITIZED NETWORK POWER",0.668598464027551,1.0383302033872,3.6591880226128,"Approximate unadjusted Wald interval; recorded variance assumptions; descriptive only"
"EEG-R078",78,"Chaudhari et al. 2023","Beta N10 [CHA-NP-TP1-BETA-N10]",2.517994671,0.4764391844,"CHAUDHARI-2023","Chaudhari","source network power","beta","rest/task combined by source analysis","repeated treatment TP1","study-defined source network","S8-S1 normalized network power",1,"Available study-level estimate; source/working assumptions retained",1,1,0,0,1,0,,,"","","","Positive=higher tPBM ΔnP","Same independent Chaudhari cohort; correlated effect; n=8/arm working assumption.","READY—DIGITIZED NETWORK POWER",0.690245742036849,1.16513787612565,3.87085146587435,"Approximate unadjusted Wald interval; recorded variance assumptions; descriptive only"
"EEG-R079",79,"Chaudhari et al. 2023","Beta N11 [CHA-NP-TP1-BETA-N11]",3.100884807,0.5934102352,"CHAUDHARI-2023","Chaudhari","source network power","beta","rest/task combined by source analysis","repeated treatment TP1","study-defined source network","S8-S1 normalized network power",1,"Available study-level estimate; source/working assumptions retained",1,1,0,0,1,0,,,"","","","Positive=higher tPBM ΔnP","Same independent Chaudhari cohort; correlated effect; n=8/arm working assumption.","READY—DIGITIZED NETWORK POWER",0.770331250307295,1.59106330023199,4.61070631376801,"Approximate unadjusted Wald interval; recorded variance assumptions; descriptive only"
"EEG-R080",80,"Chaudhari et al. 2023","Beta N12 [CHA-NP-TP1-BETA-N12]",1.513457092,0.3318054418,"CHAUDHARI-2023","Chaudhari","source network power","beta","rest/task combined by source analysis","repeated treatment TP1","study-defined source network","S8-S1 normalized network power",1,"Available study-level estimate; source/working assumptions retained",1,1,0,0,1,0,,,"","","","Positive=higher tPBM ΔnP","Same independent Chaudhari cohort; correlated effect; n=8/arm working assumption.","READY—DIGITIZED NETWORK POWER",0.576025556551096,0.384467746985212,2.64244643701479,"Approximate unadjusted Wald interval; recorded variance assumptions; descriptive only"
"EEG-R081",81,"Chaudhari et al. 2023","Gamma N1 [CHA-NP-TP1-GAMMA-N01]",1.236452158,0.3046004978,"CHAUDHARI-2023","Chaudhari","source network power","gamma","rest/task combined by source analysis","repeated treatment TP1","study-defined source network","S8-S1 normalized network power",1,"Available study-level estimate; source/working assumptions retained",1,1,0,0,1,0,,,"","","","Positive=higher tPBM ΔnP","Same independent Chaudhari cohort; correlated effect; n=8/arm working assumption.","READY—DIGITIZED NETWORK POWER",0.551906240044448,0.154735804669964,2.31816851133004,"Approximate unadjusted Wald interval; recorded variance assumptions; descriptive only"
"EEG-R082",82,"Chaudhari et al. 2023","Gamma N2 [CHA-NP-TP1-GAMMA-N02]",2.952415498,0.5613127597,"CHAUDHARI-2023","Chaudhari","source network power","gamma","rest/task combined by source analysis","repeated treatment TP1","study-defined source network","S8-S1 normalized network power",1,"Available study-level estimate; source/working assumptions retained",1,1,0,0,1,0,,,"","","","Positive=higher tPBM ΔnP","Same independent Chaudhari cohort; correlated effect; n=8/arm working assumption.","READY—DIGITIZED NETWORK POWER",0.749208088383995,1.48399462784127,4.42083636815873,"Approximate unadjusted Wald interval; recorded variance assumptions; descriptive only"
"EEG-R083",83,"Chaudhari et al. 2023","Gamma N3 [CHA-NP-TP1-GAMMA-N03]",3.959245304,0.8098436919,"CHAUDHARI-2023","Chaudhari","source network power","gamma","rest/task combined by source analysis","repeated treatment TP1","study-defined source network","S8-S1 normalized network power",1,"Available study-level estimate; source/working assumptions retained",1,1,0,0,1,0,,,"","","","Positive=higher tPBM ΔnP","Same independent Chaudhari cohort; correlated effect; n=8/arm working assumption.","READY—DIGITIZED NETWORK POWER",0.899913157976924,2.19544792515153,5.72304268284847,"Approximate unadjusted Wald interval; recorded variance assumptions; descriptive only"
"EEG-R084",84,"Chaudhari et al. 2023","Gamma N4 [CHA-NP-TP1-GAMMA-N04]",1.753202243,0.3597756467,"CHAUDHARI-2023","Chaudhari","source network power","gamma","rest/task combined by source analysis","repeated treatment TP1","study-defined source network","S8-S1 normalized network power",1,"Available study-level estimate; source/working assumptions retained",1,1,0,0,1,0,,,"","","","Positive=higher tPBM ΔnP","Same independent Chaudhari cohort; correlated effect; n=8/arm working assumption.","READY—DIGITIZED NETWORK POWER",0.599813009778881,0.577590346374822,2.92881413962518,"Approximate unadjusted Wald interval; recorded variance assumptions; descriptive only"
"EEG-R085",85,"Chaudhari et al. 2023","Gamma N5 [CHA-NP-TP1-GAMMA-N05]",1.444136531,0.3244832258,"CHAUDHARI-2023","Chaudhari","source network power","gamma","rest/task combined by source analysis","repeated treatment TP1","study-defined source network","S8-S1 normalized network power",1,"Available study-level estimate; source/working assumptions retained",1,1,0,0,1,0,,,"","","","Positive=higher tPBM ΔnP","Same independent Chaudhari cohort; correlated effect; n=8/arm working assumption.","READY—DIGITIZED NETWORK POWER",0.569634291278185,0.327673835735759,2.56059922626424,"Approximate unadjusted Wald interval; recorded variance assumptions; descriptive only"
"EEG-R086",86,"Chaudhari et al. 2023","Gamma N6 [CHA-NP-TP1-GAMMA-N06]",2.95310935,0.5614591012,"CHAUDHARI-2023","Chaudhari","source network power","gamma","rest/task combined by source analysis","repeated treatment TP1","study-defined source network","S8-S1 normalized network power",1,"Available study-level estimate; source/working assumptions retained",1,1,0,0,1,0,,,"","","","Positive=higher tPBM ΔnP","Same independent Chaudhari cohort; correlated effect; n=8/arm working assumption.","READY—DIGITIZED NETWORK POWER",0.749305746141053,1.48449707415462,4.42172162584538,"Approximate unadjusted Wald interval; recorded variance assumptions; descriptive only"
"EEG-R087",87,"Chaudhari et al. 2023","Gamma N7 [CHA-NP-TP1-GAMMA-N07]",0.6614916485,0.2656275429,"CHAUDHARI-2023","Chaudhari","source network power","gamma","rest/task combined by source analysis","repeated treatment TP1","study-defined source network","S8-S1 normalized network power",1,"Available study-level estimate; source/working assumptions retained",1,1,0,0,1,0,,,"","","","Positive=higher tPBM ΔnP","Same independent Chaudhari cohort; correlated effect; n=8/arm working assumption.","READY—DIGITIZED NETWORK POWER",0.515390670171667,-0.348655503004429,1.67163880000443,"Approximate unadjusted Wald interval; recorded variance assumptions; descriptive only"
"EEG-R088",88,"Chaudhari et al. 2023","Gamma N8 [CHA-NP-TP1-GAMMA-N08]",1.503764872,0.3307610282,"CHAUDHARI-2023","Chaudhari","source network power","gamma","rest/task combined by source analysis","repeated treatment TP1","study-defined source network","S8-S1 normalized network power",1,"Available study-level estimate; source/working assumptions retained",1,1,0,0,1,0,,,"","","","Positive=higher tPBM ΔnP","Same independent Chaudhari cohort; correlated effect; n=8/arm working assumption.","READY—DIGITIZED NETWORK POWER",0.575118273227342,0.376553769623543,2.63097597437646,"Approximate unadjusted Wald interval; recorded variance assumptions; descriptive only"
"EEG-R089",89,"Chaudhari et al. 2023","Gamma N9 [CHA-NP-TP1-GAMMA-N09]",0.6579805926,0.2654620879,"CHAUDHARI-2023","Chaudhari","source network power","gamma","rest/task combined by source analysis","repeated treatment TP1","study-defined source network","S8-S1 normalized network power",1,"Available study-level estimate; source/working assumptions retained",1,1,0,0,1,0,,,"","","","Positive=higher tPBM ΔnP","Same independent Chaudhari cohort; correlated effect; n=8/arm working assumption.","READY—DIGITIZED NETWORK POWER",0.515230131009435,-0.351851907928347,1.66781309312835,"Approximate unadjusted Wald interval; recorded variance assumptions; descriptive only"
"EEG-R090",90,"Chaudhari et al. 2023","Gamma N10 [CHA-NP-TP1-GAMMA-N10]",0.8613075512,0.2764946678,"CHAUDHARI-2023","Chaudhari","source network power","gamma","rest/task combined by source analysis","repeated treatment TP1","study-defined source network","S8-S1 normalized network power",1,"Available study-level estimate; source/working assumptions retained",1,1,0,0,1,0,,,"","","","Positive=higher tPBM ΔnP","Same independent Chaudhari cohort; correlated effect; n=8/arm working assumption.","READY—DIGITIZED NETWORK POWER",0.525827602736867,-0.169295612241293,1.89191071464129,"Approximate unadjusted Wald interval; recorded variance assumptions; descriptive only"
"EEG-R091",91,"Chaudhari et al. 2023","Gamma N11 [CHA-NP-TP1-GAMMA-N11]",0.3966905027,0.2556201198,"CHAUDHARI-2023","Chaudhari","source network power","gamma","rest/task combined by source analysis","repeated treatment TP1","study-defined source network","S8-S1 normalized network power",1,"Available study-level estimate; source/working assumptions retained",1,1,0,0,1,0,,,"","","","Positive=higher tPBM ΔnP","Same independent Chaudhari cohort; correlated effect; n=8/arm working assumption.","READY—DIGITIZED NETWORK POWER",0.505588884173693,-0.594245501264231,1.38762650666423,"Approximate unadjusted Wald interval; recorded variance assumptions; descriptive only"
"EEG-R092",92,"Chaudhari et al. 2023","Gamma N12 [CHA-NP-TP1-GAMMA-N12]",2.666000509,0.5038413827,"CHAUDHARI-2023","Chaudhari","source network power","gamma","rest/task combined by source analysis","repeated treatment TP1","study-defined source network","S8-S1 normalized network power",1,"Available study-level estimate; source/working assumptions retained",1,1,0,0,1,0,,,"","","","Positive=higher tPBM ΔnP","Same independent Chaudhari cohort; correlated effect; n=8/arm working assumption.","READY—DIGITIZED NETWORK POWER",0.709817851776074,1.27478308393531,4.05721793406469,"Approximate unadjusted Wald interval; recorded variance assumptions; descriptive only"
"EEG-R093",93,"Chaudhari et al. 2023","Delta N1 [CHA-NP-TP2-DELTA-N01]",0.2876790665,0.2529556873,"CHAUDHARI-2023","Chaudhari","source network power","delta","rest/task combined by source analysis","repeated treatment TP2","study-defined source network","S8-S1 normalized network power",1,"Available study-level estimate; source/working assumptions retained",1,1,0,0,1,0,,,"","","","Positive=higher tPBM ΔnP","Same independent Chaudhari cohort; correlated effect; n=8/arm working assumption.","READY—DIGITIZED NETWORK POWER",0.502947002476404,-0.698078944486129,1.27343707748613,"Approximate unadjusted Wald interval; recorded variance assumptions; descriptive only"
"EEG-R094",94,"Chaudhari et al. 2023","Delta N2 [CHA-NP-TP2-DELTA-N02]",1.531564603,0.3337746476,"CHAUDHARI-2023","Chaudhari","source network power","delta","rest/task combined by source analysis","repeated treatment TP2","study-defined source network","S8-S1 normalized network power",1,"Available study-level estimate; source/working assumptions retained",1,1,0,0,1,0,,,"","","","Positive=higher tPBM ΔnP","Same independent Chaudhari cohort; correlated effect; n=8/arm working assumption.","READY—DIGITIZED NETWORK POWER",0.577732332140066,0.399230039301138,2.66389916669886,"Approximate unadjusted Wald interval; recorded variance assumptions; descriptive only"
"EEG-R095",95,"Chaudhari et al. 2023","Delta N3 [CHA-NP-TP2-DELTA-N03]",0.969458561,0.2835660679,"CHAUDHARI-2023","Chaudhari","source network power","delta","rest/task combined by source analysis","repeated treatment TP2","study-defined source network","S8-S1 normalized network power",1,"Available study-level estimate; source/working assumptions retained",1,1,0,0,1,0,,,"","","","Positive=higher tPBM ΔnP","Same independent Chaudhari cohort; correlated effect; n=8/arm working assumption.","READY—DIGITIZED NETWORK POWER",0.53250921860565,-0.0742403289026402,2.01315745090264,"Approximate unadjusted Wald interval; recorded variance assumptions; descriptive only"
"EEG-R096",96,"Chaudhari et al. 2023","Delta N4 [CHA-NP-TP2-DELTA-N04]",-0.1216446011,0.2505284789,"CHAUDHARI-2023","Chaudhari","source network power","delta","rest/task combined by source analysis","repeated treatment TP2","study-defined source network","S8-S1 normalized network power",1,"Available study-level estimate; source/working assumptions retained",1,1,0,0,1,0,,,"","","","Negative=lower tPBM ΔnP","Same independent Chaudhari cohort; correlated effect; n=8/arm working assumption.","READY—DIGITIZED NETWORK POWER",0.500528199904861,-1.10266184616019,0.859372643960191,"Approximate unadjusted Wald interval; recorded variance assumptions; descriptive only"
"EEG-R097",97,"Chaudhari et al. 2023","Delta N5 [CHA-NP-TP2-DELTA-N05]",-1.13905226,0.2963371447,"CHAUDHARI-2023","Chaudhari","source network power","delta","rest/task combined by source analysis","repeated treatment TP2","study-defined source network","S8-S1 normalized network power",1,"Available study-level estimate; source/working assumptions retained",1,1,0,0,1,0,,,"","","","Negative=lower tPBM ΔnP","Same independent Chaudhari cohort; correlated effect; n=8/arm working assumption.","READY—DIGITIZED NETWORK POWER",0.544368574313397,-2.20599505996967,-0.0721094600303269,"Approximate unadjusted Wald interval; recorded variance assumptions; descriptive only"
"EEG-R098",98,"Chaudhari et al. 2023","Delta N6 [CHA-NP-TP2-DELTA-N06]",0.7301881036,0.2690419524,"CHAUDHARI-2023","Chaudhari","source network power","delta","rest/task combined by source analysis","repeated treatment TP2","study-defined source network","S8-S1 normalized network power",1,"Available study-level estimate; source/working assumptions retained",1,1,0,0,1,0,,,"","","","Positive=higher tPBM ΔnP","Same independent Chaudhari cohort; correlated effect; n=8/arm working assumption.","READY—DIGITIZED NETWORK POWER",0.518692541299757,-0.286430596397078,1.74680680359708,"Approximate unadjusted Wald interval; recorded variance assumptions; descriptive only"
"EEG-R099",99,"Chaudhari et al. 2023","Delta N7 [CHA-NP-TP2-DELTA-N07]",0.3209055454,0.2536778703,"CHAUDHARI-2023","Chaudhari","source network power","delta","rest/task combined by source analysis","repeated treatment TP2","study-defined source network","S8-S1 normalized network power",1,"Available study-level estimate; source/working assumptions retained",1,1,0,0,1,0,,,"","","","Positive=higher tPBM ΔnP","Same independent Chaudhari cohort; correlated effect; n=8/arm working assumption.","READY—DIGITIZED NETWORK POWER",0.503664442163629,-0.66625862153417,1.30806971233417,"Approximate unadjusted Wald interval; recorded variance assumptions; descriptive only"
"EEG-R100",100,"Chaudhari et al. 2023","Delta N8 [CHA-NP-TP2-DELTA-N08]",0.820152293,0.2740232066,"CHAUDHARI-2023","Chaudhari","source network power","delta","rest/task combined by source analysis","repeated treatment TP2","study-defined source network","S8-S1 normalized network power",1,"Available study-level estimate; source/working assumptions retained",1,1,0,0,1,0,,,"","","","Positive=higher tPBM ΔnP","Same independent Chaudhari cohort; correlated effect; n=8/arm working assumption.","READY—DIGITIZED NETWORK POWER",0.523472259627958,-0.205834482776597,1.8461390687766,"Approximate unadjusted Wald interval; recorded variance assumptions; descriptive only"
"EEG-R101",101,"Chaudhari et al. 2023","Delta N9 [CHA-NP-TP2-DELTA-N09]",0.7360707072,0.2693500031,"CHAUDHARI-2023","Chaudhari","source network power","delta","rest/task combined by source analysis","repeated treatment TP2","study-defined source network","S8-S1 normalized network power",1,"Available study-level estimate; source/working assumptions retained",1,1,0,0,1,0,,,"","","","Positive=higher tPBM ΔnP","Same independent Chaudhari cohort; correlated effect; n=8/arm working assumption.","READY—DIGITIZED NETWORK POWER",0.518989405575875,-0.281129836086566,1.75327125048657,"Approximate unadjusted Wald interval; recorded variance assumptions; descriptive only"
"EEG-R102",102,"Chaudhari et al. 2023","Delta N10 [CHA-NP-TP2-DELTA-N10]",0.8143236477,0.2736829644,"CHAUDHARI-2023","Chaudhari","source network power","delta","rest/task combined by source analysis","repeated treatment TP2","study-defined source network","S8-S1 normalized network power",1,"Available study-level estimate; source/working assumptions retained",1,1,0,0,1,0,,,"","","","Positive=higher tPBM ΔnP","Same independent Chaudhari cohort; correlated effect; n=8/arm working assumption.","READY—DIGITIZED NETWORK POWER",0.523147172791749,-0.21102596958578,1.83967326498578,"Approximate unadjusted Wald interval; recorded variance assumptions; descriptive only"
"EEG-R103",103,"Chaudhari et al. 2023","Delta N11 [CHA-NP-TP2-DELTA-N11]",0.654308807,0.2652900005,"CHAUDHARI-2023","Chaudhari","source network power","delta","rest/task combined by source analysis","repeated treatment TP2","study-defined source network","S8-S1 normalized network power",1,"Available study-level estimate; source/working assumptions retained",1,1,0,0,1,0,,,"","","","Positive=higher tPBM ΔnP","Same independent Chaudhari cohort; correlated effect; n=8/arm working assumption.","READY—DIGITIZED NETWORK POWER",0.515063103415494,-0.355196325459797,1.6638139394598,"Approximate unadjusted Wald interval; recorded variance assumptions; descriptive only"
"EEG-R104",104,"Chaudhari et al. 2023","Delta N12 [CHA-NP-TP2-DELTA-N12]",1.15653983,0.2977708707,"CHAUDHARI-2023","Chaudhari","source network power","delta","rest/task combined by source analysis","repeated treatment TP2","study-defined source network","S8-S1 normalized network power",1,"Available study-level estimate; source/working assumptions retained",1,1,0,0,1,0,,,"","","","Positive=higher tPBM ΔnP","Same independent Chaudhari cohort; correlated effect; n=8/arm working assumption.","READY—DIGITIZED NETWORK POWER",0.54568385600089,0.0870191252933148,2.22606053470669,"Approximate unadjusted Wald interval; recorded variance assumptions; descriptive only"
"EEG-R105",105,"Chaudhari et al. 2023","Theta N1 [CHA-NP-TP2-THETA-N01]",-0.9954685858,0.2853913466,"CHAUDHARI-2023","Chaudhari","source network power","theta","rest/task combined by source analysis","repeated treatment TP2","study-defined source network","S8-S1 normalized network power",1,"Available study-level estimate; source/working assumptions retained",1,1,0,0,1,0,,,"","","","Negative=lower tPBM ΔnP","Same independent Chaudhari cohort; correlated effect; n=8/arm working assumption.","READY—DIGITIZED NETWORK POWER",0.534220316536165,-2.04252116602047,0.05158399442047,"Approximate unadjusted Wald interval; recorded variance assumptions; descriptive only"
"EEG-R106",106,"Chaudhari et al. 2023","Theta N2 [CHA-NP-TP2-THETA-N02]",-0.3407574489,0.2541469871,"CHAUDHARI-2023","Chaudhari","source network power","theta","rest/task combined by source analysis","repeated treatment TP2","study-defined source network","S8-S1 normalized network power",1,"Available study-level estimate; source/working assumptions retained",1,1,0,0,1,0,,,"","","","Negative=lower tPBM ΔnP","Same independent Chaudhari cohort; correlated effect; n=8/arm working assumption.","READY—DIGITIZED NETWORK POWER",0.50412993077182,-1.32883395674144,0.647319058941438,"Approximate unadjusted Wald interval; recorded variance assumptions; descriptive only"
"EEG-R107",107,"Chaudhari et al. 2023","Theta N3 [CHA-NP-TP2-THETA-N03]",2.472108977,0.4682615283,"CHAUDHARI-2023","Chaudhari","source network power","theta","rest/task combined by source analysis","repeated treatment TP2","study-defined source network","S8-S1 normalized network power",1,"Available study-level estimate; source/working assumptions retained",1,1,0,0,1,0,,,"","","","Positive=higher tPBM ΔnP","Same independent Chaudhari cohort; correlated effect; n=8/arm working assumption.","READY—DIGITIZED NETWORK POWER",0.684296374606793,1.13091272801936,3.81330522598064,"Approximate unadjusted Wald interval; recorded variance assumptions; descriptive only"
"EEG-R108",108,"Chaudhari et al. 2023","Theta N4 [CHA-NP-TP2-THETA-N04]",1.452636601,0.3253626106,"CHAUDHARI-2023","Chaudhari","source network power","theta","rest/task combined by source analysis","repeated treatment TP2","study-defined source network","S8-S1 normalized network power",1,"Available study-level estimate; source/working assumptions retained",1,1,0,0,1,0,,,"","","","Positive=higher tPBM ΔnP","Same independent Chaudhari cohort; correlated effect; n=8/arm working assumption.","READY—DIGITIZED NETWORK POWER",0.570405654424989,0.334662061749022,2.57061114025098,"Approximate unadjusted Wald interval; recorded variance assumptions; descriptive only"
"EEG-R109",109,"Chaudhari et al. 2023","Theta N5 [CHA-NP-TP2-THETA-N05]",-0.5970373135,0.2627304841,"CHAUDHARI-2023","Chaudhari","source network power","theta","rest/task combined by source analysis","repeated treatment TP2","study-defined source network","S8-S1 normalized network power",1,"Available study-level estimate; source/working assumptions retained",1,1,0,0,1,0,,,"","","","Negative=lower tPBM ΔnP","Same independent Chaudhari cohort; correlated effect; n=8/arm working assumption.","READY—DIGITIZED NETWORK POWER",0.512572418395684,-1.60166079302414,0.407586166024136,"Approximate unadjusted Wald interval; recorded variance assumptions; descriptive only"
"EEG-R110",110,"Chaudhari et al. 2023","Theta N6 [CHA-NP-TP2-THETA-N06]",0.4751437461,0.2580629136,"CHAUDHARI-2023","Chaudhari","source network power","theta","rest/task combined by source analysis","repeated treatment TP2","study-defined source network","S8-S1 normalized network power",1,"Available study-level estimate; source/working assumptions retained",1,1,0,0,1,0,,,"","","","Positive=higher tPBM ΔnP","Same independent Chaudhari cohort; correlated effect; n=8/arm working assumption.","READY—DIGITIZED NETWORK POWER",0.507998930707536,-0.520515862271629,1.47080335447163,"Approximate unadjusted Wald interval; recorded variance assumptions; descriptive only"
"EEG-R111",111,"Chaudhari et al. 2023","Theta N7 [CHA-NP-TP2-THETA-N07]",-1.505781341,0.330977766,"CHAUDHARI-2023","Chaudhari","source network power","theta","rest/task combined by source analysis","repeated treatment TP2","study-defined source network","S8-S1 normalized network power",1,"Available study-level estimate; source/working assumptions retained",1,1,0,0,1,0,,,"","","","Negative=lower tPBM ΔnP","Same independent Chaudhari cohort; correlated effect; n=8/arm working assumption.","READY—DIGITIZED NETWORK POWER",0.575306671263249,-2.63336169674159,-0.378200985258408,"Approximate unadjusted Wald interval; recorded variance assumptions; descriptive only"
"EEG-R112",112,"Chaudhari et al. 2023","Theta N8 [CHA-NP-TP2-THETA-N08]",1.347961114,0.3148928274,"CHAUDHARI-2023","Chaudhari","source network power","theta","rest/task combined by source analysis","repeated treatment TP2","study-defined source network","S8-S1 normalized network power",1,"Available study-level estimate; source/working assumptions retained",1,1,0,0,1,0,,,"","","","Positive=higher tPBM ΔnP","Same independent Chaudhari cohort; correlated effect; n=8/arm working assumption.","READY—DIGITIZED NETWORK POWER",0.561153122953085,0.248121203199777,2.44780102480022,"Approximate unadjusted Wald interval; recorded variance assumptions; descriptive only"
"EEG-R113",113,"Chaudhari et al. 2023","Theta N9 [CHA-NP-TP2-THETA-N09]",1.271628835,0.3077514248,"CHAUDHARI-2023","Chaudhari","source network power","theta","rest/task combined by source analysis","repeated treatment TP2","study-defined source network","S8-S1 normalized network power",1,"Available study-level estimate; source/working assumptions retained",1,1,0,0,1,0,,,"","","","Positive=higher tPBM ΔnP","Same independent Chaudhari cohort; correlated effect; n=8/arm working assumption.","READY—DIGITIZED NETWORK POWER",0.554753481106698,0.18433199173265,2.35892567826735,"Approximate unadjusted Wald interval; recorded variance assumptions; descriptive only"
"EEG-R114",114,"Chaudhari et al. 2023","Theta N10 [CHA-NP-TP2-THETA-N10]",2.299925993,0.4389164134,"CHAUDHARI-2023","Chaudhari","source network power","theta","rest/task combined by source analysis","repeated treatment TP2","study-defined source network","S8-S1 normalized network power",1,"Available study-level estimate; source/working assumptions retained",1,1,0,0,1,0,,,"","","","Positive=higher tPBM ΔnP","Same independent Chaudhari cohort; correlated effect; n=8/arm working assumption.","READY—DIGITIZED NETWORK POWER",0.662507670446162,1.00143481944399,3.59841716655601,"Approximate unadjusted Wald interval; recorded variance assumptions; descriptive only"
"EEG-R115",115,"Chaudhari et al. 2023","Theta N11 [CHA-NP-TP2-THETA-N11]",0.3116367043,0.2534684798,"CHAUDHARI-2023","Chaudhari","source network power","theta","rest/task combined by source analysis","repeated treatment TP2","study-defined source network","S8-S1 normalized network power",1,"Available study-level estimate; source/working assumptions retained",1,1,0,0,1,0,,,"","","","Positive=higher tPBM ΔnP","Same independent Chaudhari cohort; correlated effect; n=8/arm working assumption.","READY—DIGITIZED NETWORK POWER",0.503456532185252,-0.675119966564525,1.29839337516452,"Approximate unadjusted Wald interval; recorded variance assumptions; descriptive only"
"EEG-R116",116,"Chaudhari et al. 2023","Theta N12 [CHA-NP-TP2-THETA-N12]",0.5925718096,0.2625407625,"CHAUDHARI-2023","Chaudhari","source network power","theta","rest/task combined by source analysis","repeated treatment TP2","study-defined source network","S8-S1 normalized network power",1,"Available study-level estimate; source/working assumptions retained",1,1,0,0,1,0,,,"","","","Positive=higher tPBM ΔnP","Same independent Chaudhari cohort; correlated effect; n=8/arm working assumption.","READY—DIGITIZED NETWORK POWER",0.512387316880502,-0.411688877620896,1.5968324968209,"Approximate unadjusted Wald interval; recorded variance assumptions; descriptive only"
"EEG-R117",117,"Chaudhari et al. 2023","Alpha N1 [CHA-NP-TP2-ALPHA-N01]",-1.586738063,0.3399192028,"CHAUDHARI-2023","Chaudhari","source network power","alpha","rest/task combined by source analysis","repeated treatment TP2","study-defined source network","S8-S1 normalized network power",1,"Available study-level estimate; source/working assumptions retained",1,1,0,0,1,0,,,"","","","Negative=lower tPBM ΔnP","Same independent Chaudhari cohort; correlated effect; n=8/arm working assumption.","READY—DIGITIZED NETWORK POWER",0.583025902340539,-2.72944783364142,-0.444028292358577,"Approximate unadjusted Wald interval; recorded variance assumptions; descriptive only"
"EEG-R118",118,"Chaudhari et al. 2023","Alpha N2 [CHA-NP-TP2-ALPHA-N02]",-0.9467002042,0.282008617,"CHAUDHARI-2023","Chaudhari","source network power","alpha","rest/task combined by source analysis","repeated treatment TP2","study-defined source network","S8-S1 normalized network power",1,"Available study-level estimate; source/working assumptions retained",1,1,0,0,1,0,,,"","","","Negative=lower tPBM ΔnP","Same independent Chaudhari cohort; correlated effect; n=8/arm working assumption.","READY—DIGITIZED NETWORK POWER",0.531044835206972,-1.98752895538167,0.0941285469816729,"Approximate unadjusted Wald interval; recorded variance assumptions; descriptive only"
"EEG-R119",119,"Chaudhari et al. 2023","Alpha N3 [CHA-NP-TP2-ALPHA-N03]",0.7223555568,0.2686356268,"CHAUDHARI-2023","Chaudhari","source network power","alpha","rest/task combined by source analysis","repeated treatment TP2","study-defined source network","S8-S1 normalized network power",1,"Available study-level estimate; source/working assumptions retained",1,1,0,0,1,0,,,"","","","Positive=higher tPBM ΔnP","Same independent Chaudhari cohort; correlated effect; n=8/arm working assumption.","READY—DIGITIZED NETWORK POWER",0.518300710784772,-0.293495169499664,1.73820628309966,"Approximate unadjusted Wald interval; recorded variance assumptions; descriptive only"
"EEG-R120",120,"Chaudhari et al. 2023","Alpha N4 [CHA-NP-TP2-ALPHA-N04]",-0.6426865925,0.2647516449,"CHAUDHARI-2023","Chaudhari","source network power","alpha","rest/task combined by source analysis","repeated treatment TP2","study-defined source network","S8-S1 normalized network power",1,"Available study-level estimate; source/working assumptions retained",1,1,0,0,1,0,,,"","","","Negative=lower tPBM ΔnP","Same independent Chaudhari cohort; correlated effect; n=8/arm working assumption.","READY—DIGITIZED NETWORK POWER",0.5145402267073,-1.65116690544338,0.365793720443383,"Approximate unadjusted Wald interval; recorded variance assumptions; descriptive only"
"EEG-R121",121,"Chaudhari et al. 2023","Alpha N5 [CHA-NP-TP2-ALPHA-N05]",-0.72401409,0.2687213001,"CHAUDHARI-2023","Chaudhari","source network power","alpha","rest/task combined by source analysis","repeated treatment TP2","study-defined source network","S8-S1 normalized network power",1,"Available study-level estimate; source/working assumptions retained",1,1,0,0,1,0,,,"","","","Negative=lower tPBM ΔnP","Same independent Chaudhari cohort; correlated effect; n=8/arm working assumption.","READY—DIGITIZED NETWORK POWER",0.518383352452603,-1.74002679099224,0.291998610992235,"Approximate unadjusted Wald interval; recorded variance assumptions; descriptive only"
"EEG-R122",122,"Chaudhari et al. 2023","Alpha N6 [CHA-NP-TP2-ALPHA-N06]",0.05036111299,0.2500905801,"CHAUDHARI-2023","Chaudhari","source network power","alpha","rest/task combined by source analysis","repeated treatment TP2","study-defined source network","S8-S1 normalized network power",1,"Available study-level estimate; source/working assumptions retained",1,1,0,0,1,0,,,"","","","Positive=higher tPBM ΔnP","Same independent Chaudhari cohort; correlated effect; n=8/arm working assumption.","READY—DIGITIZED NETWORK POWER",0.500090571896732,-0.929798396935632,1.03052062291563,"Approximate unadjusted Wald interval; recorded variance assumptions; descriptive only"
"EEG-R123",123,"Chaudhari et al. 2023","Alpha N7 [CHA-NP-TP2-ALPHA-N07]",-0.7934754499,0.2724858318,"CHAUDHARI-2023","Chaudhari","source network power","alpha","rest/task combined by source analysis","repeated treatment TP2","study-defined source network","S8-S1 normalized network power",1,"Available study-level estimate; source/working assumptions retained",1,1,0,0,1,0,,,"","","","Negative=lower tPBM ΔnP","Same independent Chaudhari cohort; correlated effect; n=8/arm working assumption.","READY—DIGITIZED NETWORK POWER",0.522001754594752,-1.81658008877243,0.22962918897243,"Approximate unadjusted Wald interval; recorded variance assumptions; descriptive only"
"EEG-R124",124,"Chaudhari et al. 2023","Alpha N8 [CHA-NP-TP2-ALPHA-N08]",0,0.25,"CHAUDHARI-2023","Chaudhari","source network power","alpha","rest/task combined by source analysis","repeated treatment TP2","study-defined source network","S8-S1 normalized network power",1,"Available study-level estimate; source/working assumptions retained",1,1,0,0,1,0,,,"","","","Positive=higher tPBM ΔnP","Same independent Chaudhari cohort; correlated effect; n=8/arm working assumption.","READY—DIGITIZED NETWORK POWER",0.5,-0.979981992270027,0.979981992270027,"Approximate unadjusted Wald interval; recorded variance assumptions; descriptive only"
"EEG-R125",125,"Chaudhari et al. 2023","Alpha N9 [CHA-NP-TP2-ALPHA-N09]",1.411923439,0.3211974213,"CHAUDHARI-2023","Chaudhari","source network power","alpha","rest/task combined by source analysis","repeated treatment TP2","study-defined source network","S8-S1 normalized network power",1,"Available study-level estimate; source/working assumptions retained",1,1,0,0,1,0,,,"","","","Positive=higher tPBM ΔnP","Same independent Chaudhari cohort; correlated effect; n=8/arm working assumption.","READY—DIGITIZED NETWORK POWER",0.566742817598953,0.301127928009299,2.5227189499907,"Approximate unadjusted Wald interval; recorded variance assumptions; descriptive only"
"EEG-R126",126,"Chaudhari et al. 2023","Alpha N10 [CHA-NP-TP2-ALPHA-N10]",2.01323161,0.3947536255,"CHAUDHARI-2023","Chaudhari","source network power","alpha","rest/task combined by source analysis","repeated treatment TP2","study-defined source network","S8-S1 normalized network power",1,"Available study-level estimate; source/working assumptions retained",1,1,0,0,1,0,,,"","","","Positive=higher tPBM ΔnP","Same independent Chaudhari cohort; correlated effect; n=8/arm working assumption.","READY—DIGITIZED NETWORK POWER",0.628294218897484,0.781797569266206,3.24466565073379,"Approximate unadjusted Wald interval; recorded variance assumptions; descriptive only"
"EEG-R127",127,"Chaudhari et al. 2023","Alpha N11 [CHA-NP-TP2-ALPHA-N11]",0.2543926203,0.2523112716,"CHAUDHARI-2023","Chaudhari","source network power","alpha","rest/task combined by source analysis","repeated treatment TP2","study-defined source network","S8-S1 normalized network power",1,"Available study-level estimate; source/working assumptions retained",1,1,0,0,1,0,,,"","","","Positive=higher tPBM ΔnP","Same independent Chaudhari cohort; correlated effect; n=8/arm working assumption.","READY—DIGITIZED NETWORK POWER",0.502305954175341,-0.730108959103695,1.2388941997037,"Approximate unadjusted Wald interval; recorded variance assumptions; descriptive only"
"EEG-R128",128,"Chaudhari et al. 2023","Alpha N12 [CHA-NP-TP2-ALPHA-N12]",0.5771918647,0.2618982303,"CHAUDHARI-2023","Chaudhari","source network power","alpha","rest/task combined by source analysis","repeated treatment TP2","study-defined source network","S8-S1 normalized network power",1,"Available study-level estimate; source/working assumptions retained",1,1,0,0,1,0,,,"","","","Positive=higher tPBM ΔnP","Same independent Chaudhari cohort; correlated effect; n=8/arm working assumption.","READY—DIGITIZED NETWORK POWER",0.511759934246518,-0.42583917515376,1.58022290455376,"Approximate unadjusted Wald interval; recorded variance assumptions; descriptive only"
"EEG-R129",129,"Chaudhari et al. 2023","Beta N1 [CHA-NP-TP2-BETA-N01]",-1.561121277,0.3370392729,"CHAUDHARI-2023","Chaudhari","source network power","beta","rest/task combined by source analysis","repeated treatment TP2","study-defined source network","S8-S1 normalized network power",1,"Available study-level estimate; source/working assumptions retained",1,1,0,0,1,0,,,"","","","Negative=lower tPBM ΔnP","Same independent Chaudhari cohort; correlated effect; n=8/arm working assumption.","READY—DIGITIZED NETWORK POWER",0.580550835758592,-2.69898000628147,-0.423262547718531,"Approximate unadjusted Wald interval; recorded variance assumptions; descriptive only"
"EEG-R130",130,"Chaudhari et al. 2023","Beta N2 [CHA-NP-TP2-BETA-N02]",0.6237949134,0.2638971462,"CHAUDHARI-2023","Chaudhari","source network power","beta","rest/task combined by source analysis","repeated treatment TP2","study-defined source network","S8-S1 normalized network power",1,"Available study-level estimate; source/working assumptions retained",1,1,0,0,1,0,,,"","","","Positive=higher tPBM ΔnP","Same independent Chaudhari cohort; correlated effect; n=8/arm working assumption.","READY—DIGITIZED NETWORK POWER",0.51370920392767,-0.383056624824974,1.63064645162497,"Approximate unadjusted Wald interval; recorded variance assumptions; descriptive only"
"EEG-R131",131,"Chaudhari et al. 2023","Beta N3 [CHA-NP-TP2-BETA-N03]",1.438045276,0.323856222,"CHAUDHARI-2023","Chaudhari","source network power","beta","rest/task combined by source analysis","repeated treatment TP2","study-defined source network","S8-S1 normalized network power",1,"Available study-level estimate; source/working assumptions retained",1,1,0,0,1,0,,,"","","","Positive=higher tPBM ΔnP","Same independent Chaudhari cohort; correlated effect; n=8/arm working assumption.","READY—DIGITIZED NETWORK POWER",0.569083668716648,0.322661781125446,2.55342877087455,"Approximate unadjusted Wald interval; recorded variance assumptions; descriptive only"
"EEG-R132",132,"Chaudhari et al. 2023","Beta N4 [CHA-NP-TP2-BETA-N04]",0.1836613267,0.2512046958,"CHAUDHARI-2023","Chaudhari","source network power","beta","rest/task combined by source analysis","repeated treatment TP2","study-defined source network","S8-S1 normalized network power",1,"Available study-level estimate; source/working assumptions retained",1,1,0,0,1,0,,,"","","","Positive=higher tPBM ΔnP","Same independent Chaudhari cohort; correlated effect; n=8/arm working assumption.","READY—DIGITIZED NETWORK POWER",0.501203247994264,-0.798678988303255,1.16600164170325,"Approximate unadjusted Wald interval; recorded variance assumptions; descriptive only"
"EEG-R133",133,"Chaudhari et al. 2023","Beta N5 [CHA-NP-TP2-BETA-N05]",-0.6884732337,0.2669284069,"CHAUDHARI-2023","Chaudhari","source network power","beta","rest/task combined by source analysis","repeated treatment TP2","study-defined source network","S8-S1 normalized network power",1,"Available study-level estimate; source/working assumptions retained",1,1,0,0,1,0,,,"","","","Negative=lower tPBM ΔnP","Same independent Chaudhari cohort; correlated effect; n=8/arm working assumption.","READY—DIGITIZED NETWORK POWER",0.516651146229252,-1.70109087288067,0.324144405480671,"Approximate unadjusted Wald interval; recorded variance assumptions; descriptive only"
"EEG-R134",134,"Chaudhari et al. 2023","Beta N6 [CHA-NP-TP2-BETA-N06]",0.5677455531,0.2615119648,"CHAUDHARI-2023","Chaudhari","source network power","beta","rest/task combined by source analysis","repeated treatment TP2","study-defined source network","S8-S1 normalized network power",1,"Available study-level estimate; source/working assumptions retained",1,1,0,0,1,0,,,"","","","Positive=higher tPBM ΔnP","Same independent Chaudhari cohort; correlated effect; n=8/arm working assumption.","READY—DIGITIZED NETWORK POWER",0.511382405641805,-0.434545544285391,1.57003665048539,"Approximate unadjusted Wald interval; recorded variance assumptions; descriptive only"
"EEG-R135",135,"Chaudhari et al. 2023","Beta N7 [CHA-NP-TP2-BETA-N07]",-0.7550897674,0.270362877,"CHAUDHARI-2023","Chaudhari","source network power","beta","rest/task combined by source analysis","repeated treatment TP2","study-defined source network","S8-S1 normalized network power",1,"Available study-level estimate; source/working assumptions retained",1,1,0,0,1,0,,,"","","","Negative=lower tPBM ΔnP","Same independent Chaudhari cohort; correlated effect; n=8/arm working assumption.","READY—DIGITIZED NETWORK POWER",0.519964303582467,-1.77420107566809,0.264021540868086,"Approximate unadjusted Wald interval; recorded variance assumptions; descriptive only"
"EEG-R136",136,"Chaudhari et al. 2023","Beta N8 [CHA-NP-TP2-BETA-N08]",-0.7684111418,0.271087703,"CHAUDHARI-2023","Chaudhari","source network power","beta","rest/task combined by source analysis","repeated treatment TP2","study-defined source network","S8-S1 normalized network power",1,"Available study-level estimate; source/working assumptions retained",1,1,0,0,1,0,,,"","","","Negative=lower tPBM ΔnP","Same independent Chaudhari cohort; correlated effect; n=8/arm working assumption.","READY—DIGITIZED NETWORK POWER",0.52066083298055,-1.7888876226025,0.252065339002502,"Approximate unadjusted Wald interval; recorded variance assumptions; descriptive only"
"EEG-R137",137,"Chaudhari et al. 2023","Beta N9 [CHA-NP-TP2-BETA-N09]",1.678198987,0.3505839943,"CHAUDHARI-2023","Chaudhari","source network power","beta","rest/task combined by source analysis","repeated treatment TP2","study-defined source network","S8-S1 normalized network power",1,"Available study-level estimate; source/working assumptions retained",1,1,0,0,1,0,,,"","","","Positive=higher tPBM ΔnP","Same independent Chaudhari cohort; correlated effect; n=8/arm working assumption.","READY—DIGITIZED NETWORK POWER",0.592101337863714,0.517701689589139,2.83869628441086,"Approximate unadjusted Wald interval; recorded variance assumptions; descriptive only"
"EEG-R138",138,"Chaudhari et al. 2023","Beta N10 [CHA-NP-TP2-BETA-N10]",1.856909299,0.3731468624,"CHAUDHARI-2023","Chaudhari","source network power","beta","rest/task combined by source analysis","repeated treatment TP2","study-defined source network","S8-S1 normalized network power",1,"Available study-level estimate; source/working assumptions retained",1,1,0,0,1,0,,,"","","","Positive=higher tPBM ΔnP","Same independent Chaudhari cohort; correlated effect; n=8/arm working assumption.","READY—DIGITIZED NETWORK POWER",0.610857481250741,0.659650636061696,3.0541679619383,"Approximate unadjusted Wald interval; recorded variance assumptions; descriptive only"
"EEG-R139",139,"Chaudhari et al. 2023","Beta N11 [CHA-NP-TP2-BETA-N11]",1.580226937,0.3391827562,"CHAUDHARI-2023","Chaudhari","source network power","beta","rest/task combined by source analysis","repeated treatment TP2","study-defined source network","S8-S1 normalized network power",1,"Available study-level estimate; source/working assumptions retained",1,1,0,0,1,0,,,"","","","Positive=higher tPBM ΔnP","Same independent Chaudhari cohort; correlated effect; n=8/arm working assumption.","READY—DIGITIZED NETWORK POWER",0.582393987091213,0.438755697488538,2.72169817651146,"Approximate unadjusted Wald interval; recorded variance assumptions; descriptive only"
"EEG-R140",140,"Chaudhari et al. 2023","Beta N12 [CHA-NP-TP2-BETA-N12]",0.9211728297,0.2803056922,"CHAUDHARI-2023","Chaudhari","source network power","beta","rest/task combined by source analysis","repeated treatment TP2","study-defined source network","S8-S1 normalized network power",1,"Available study-level estimate; source/working assumptions retained",1,1,0,0,1,0,,,"","","","Positive=higher tPBM ΔnP","Same independent Chaudhari cohort; correlated effect; n=8/arm working assumption.","READY—DIGITIZED NETWORK POWER",0.529439035395011,-0.116508611683849,1.95885427108385,"Approximate unadjusted Wald interval; recorded variance assumptions; descriptive only"
"EEG-R141",141,"Chaudhari et al. 2023","Gamma N1 [CHA-NP-TP2-GAMMA-N01]",-1.506413567,0.3310457798,"CHAUDHARI-2023","Chaudhari","source network power","gamma","rest/task combined by source analysis","repeated treatment TP2","study-defined source network","S8-S1 normalized network power",1,"Available study-level estimate; source/working assumptions retained",1,1,0,0,1,0,,,"","","","Negative=lower tPBM ΔnP","Same independent Chaudhari cohort; correlated effect; n=8/arm working assumption.","READY—DIGITIZED NETWORK POWER",0.575365779135325,-2.63410977204206,-0.378717361957935,"Approximate unadjusted Wald interval; recorded variance assumptions; descriptive only"
"EEG-R142",142,"Chaudhari et al. 2023","Gamma N2 [CHA-NP-TP2-GAMMA-N02]",0.2645918071,0.2525003152,"CHAUDHARI-2023","Chaudhari","source network power","gamma","rest/task combined by source analysis","repeated treatment TP2","study-defined source network","S8-S1 normalized network power",1,"Available study-level estimate; source/working assumptions retained",1,1,0,0,1,0,,,"","","","Positive=higher tPBM ΔnP","Same independent Chaudhari cohort; correlated effect; n=8/arm working assumption.","READY—DIGITIZED NETWORK POWER",0.502494094691669,-0.72027852093973,1.24946213513973,"Approximate unadjusted Wald interval; recorded variance assumptions; descriptive only"
"EEG-R143",143,"Chaudhari et al. 2023","Gamma N3 [CHA-NP-TP2-GAMMA-N03]",2.374731755,0.4514053896,"CHAUDHARI-2023","Chaudhari","source network power","gamma","rest/task combined by source analysis","repeated treatment TP2","study-defined source network","S8-S1 normalized network power",1,"Available study-level estimate; source/working assumptions retained",1,1,0,0,1,0,,,"","","","Positive=higher tPBM ΔnP","Same independent Chaudhari cohort; correlated effect; n=8/arm working assumption.","READY—DIGITIZED NETWORK POWER",0.671867092213929,1.05789645186305,3.69156705813695,"Approximate unadjusted Wald interval; recorded variance assumptions; descriptive only"
"EEG-R144",144,"Chaudhari et al. 2023","Gamma N4 [CHA-NP-TP2-GAMMA-N04]",0.486134919,0.2584402557,"CHAUDHARI-2023","Chaudhari","source network power","gamma","rest/task combined by source analysis","repeated treatment TP2","study-defined source network","S8-S1 normalized network power",1,"Available study-level estimate; source/working assumptions retained",1,1,0,0,1,0,,,"","","","Positive=higher tPBM ΔnP","Same independent Chaudhari cohort; correlated effect; n=8/arm working assumption.","READY—DIGITIZED NETWORK POWER",0.508370195526842,-0.510252355046196,1.4825221930462,"Approximate unadjusted Wald interval; recorded variance assumptions; descriptive only"
"EEG-R145",145,"Chaudhari et al. 2023","Gamma N5 [CHA-NP-TP2-GAMMA-N05]",0.6260567665,0.2639981098,"CHAUDHARI-2023","Chaudhari","source network power","gamma","rest/task combined by source analysis","repeated treatment TP2","study-defined source network","S8-S1 normalized network power",1,"Available study-level estimate; source/working assumptions retained",1,1,0,0,1,0,,,"","","","Positive=higher tPBM ΔnP","Same independent Chaudhari cohort; correlated effect; n=8/arm working assumption.","READY—DIGITIZED NETWORK POWER",0.513807463744932,-0.380987357427937,1.63310089042794,"Approximate unadjusted Wald interval; recorded variance assumptions; descriptive only"
"EEG-R146",146,"Chaudhari et al. 2023","Gamma N6 [CHA-NP-TP2-GAMMA-N06]",1.338084331,0.3139453456,"CHAUDHARI-2023","Chaudhari","source network power","gamma","rest/task combined by source analysis","repeated treatment TP2","study-defined source network","S8-S1 normalized network power",1,"Available study-level estimate; source/working assumptions retained",1,1,0,0,1,0,,,"","","","Positive=higher tPBM ΔnP","Same independent Chaudhari cohort; correlated effect; n=8/arm working assumption.","READY—DIGITIZED NETWORK POWER",0.560308259442961,0.239900322251473,2.43626833974853,"Approximate unadjusted Wald interval; recorded variance assumptions; descriptive only"
"EEG-R147",147,"Chaudhari et al. 2023","Gamma N7 [CHA-NP-TP2-GAMMA-N07]",0.257582621,0.2523696002,"CHAUDHARI-2023","Chaudhari","source network power","gamma","rest/task combined by source analysis","repeated treatment TP2","study-defined source network","S8-S1 normalized network power",1,"Available study-level estimate; source/working assumptions retained",1,1,0,0,1,0,,,"","","","Positive=higher tPBM ΔnP","Same independent Chaudhari cohort; correlated effect; n=8/arm working assumption.","READY—DIGITIZED NETWORK POWER",0.502364011648924,-0.72703274896095,1.24219799096095,"Approximate unadjusted Wald interval; recorded variance assumptions; descriptive only"
"EEG-R148",148,"Chaudhari et al. 2023","Gamma N8 [CHA-NP-TP2-GAMMA-N08]",1.546945141,0.3354656882,"CHAUDHARI-2023","Chaudhari","source network power","gamma","rest/task combined by source analysis","repeated treatment TP2","study-defined source network","S8-S1 normalized network power",1,"Available study-level estimate; source/working assumptions retained",1,1,0,0,1,0,,,"","","","Positive=higher tPBM ΔnP","Same independent Chaudhari cohort; correlated effect; n=8/arm working assumption.","READY—DIGITIZED NETWORK POWER",0.579193998760346,0.411745763367985,2.68214451863201,"Approximate unadjusted Wald interval; recorded variance assumptions; descriptive only"
"EEG-R149",149,"Chaudhari et al. 2023","Gamma N9 [CHA-NP-TP2-GAMMA-N09]",-0.1555497853,0.2508641334,"CHAUDHARI-2023","Chaudhari","source network power","gamma","rest/task combined by source analysis","repeated treatment TP2","study-defined source network","S8-S1 normalized network power",1,"Available study-level estimate; source/working assumptions retained",1,1,0,0,1,0,,,"","","","Negative=lower tPBM ΔnP","Same independent Chaudhari cohort; correlated effect; n=8/arm working assumption.","READY—DIGITIZED NETWORK POWER",0.500863387961228,-1.13722398687872,0.82612441627872,"Approximate unadjusted Wald interval; recorded variance assumptions; descriptive only"
"EEG-R150",150,"Chaudhari et al. 2023","Gamma N10 [CHA-NP-TP2-GAMMA-N10]",1.167224252,0.2986575876,"CHAUDHARI-2023","Chaudhari","source network power","gamma","rest/task combined by source analysis","repeated treatment TP2","study-defined source network","S8-S1 normalized network power",1,"Available study-level estimate; source/working assumptions retained",1,1,0,0,1,0,,,"","","","Positive=higher tPBM ΔnP","Same independent Chaudhari cohort; correlated effect; n=8/arm working assumption.","READY—DIGITIZED NETWORK POWER",0.546495734292593,0.0961122950817479,2.23833620891825,"Approximate unadjusted Wald interval; recorded variance assumptions; descriptive only"
"EEG-R151",151,"Chaudhari et al. 2023","Gamma N11 [CHA-NP-TP2-GAMMA-N11]",0.7943144993,0.2725334116,"CHAUDHARI-2023","Chaudhari","source network power","gamma","rest/task combined by source analysis","repeated treatment TP2","study-defined source network","S8-S1 normalized network power",1,"Available study-level estimate; source/working assumptions retained",1,1,0,0,1,0,,,"","","","Positive=higher tPBM ΔnP","Same independent Chaudhari cohort; correlated effect; n=8/arm working assumption.","READY—DIGITIZED NETWORK POWER",0.522047326973331,-0.228879459793134,1.81750845839313,"Approximate unadjusted Wald interval; recorded variance assumptions; descriptive only"
"EEG-R152",152,"Chaudhari et al. 2023","Gamma N12 [CHA-NP-TP2-GAMMA-N12]",2.211168945,0.424616718,"CHAUDHARI-2023","Chaudhari","source network power","gamma","rest/task combined by source analysis","repeated treatment TP2","study-defined source network","S8-S1 normalized network power",1,"Available study-level estimate; source/working assumptions retained",1,1,0,0,1,0,,,"","","","Positive=higher tPBM ΔnP","Same independent Chaudhari cohort; correlated effect; n=8/arm working assumption.","READY—DIGITIZED NETWORK POWER",0.651626210338412,0.934005041354391,3.48833284864561,"Approximate unadjusted Wald interval; recorded variance assumptions; descriptive only"
"EEG-R153",153,"Wang et al. 2019","Beta / nominal Fp2",1.4450393701,0.1447817457,"WANG-2019","Wang2019","scalp spectral power","beta","eyes open","during T8","nominal Fp2","baseline-normalized scalp PSD",1,"Available study-level estimate; source/working assumptions retained",1,1,1,0,1,0,17,,"Fig. 4 Cohen-d map digitization at prespecified Fp2/T8 → Hedges g; conservative independent-groups variance","Fixed-order high-RoB sensitivity—multilevel/RVE quantitative","Within-subject sham-controlled; sham first, active second same day","Positive=higher tPBM beta power","Independent earlier n=17 cohort; distinct from cohort_id=UTA-1064-EEG-49 (Wang 2021/Shahdadian 2022/Wang 2022/Truong 2023)","READY—FIXED-ORDER SENSITIVITY",0.380501965435134,0.699269221800433,2.19080951839957,"Approximate unadjusted Wald interval; recorded variance assumptions; descriptive only"
"EEG-R154",154,"Wang et al. 2022","Alpha N1 [UTA-W22-ALPHA-04-N01]",0.4337531624,0.0240747948,"UTA-1064-EEG-49","Wang2022","source network power","alpha","eyes closed","during 0-4 min","study-defined source network","paired sham-subtracted normalized power",1,"Available study-level estimate; source/working assumptions retained",1,1,0,0,0,0,44,,"Fig7 dNP=13.248%; SEM=4.524%; paired dz -> Hedges g","Included - UTA cohort; multilevel/RVE","Paired randomized-order active vs sham; 1064 nm; right forehead; 64-ch EEG","Positive=higher tPBM dNP","cohort_id=UTA-1064-EEG-49; 66 correlated effects; companions Wang21/Shahdadian22/Truong23","READY - DIGITIZED UTA NETWORK POWER",0.155160545242661,0.129644081902786,0.737862242897214,"Approximate unadjusted Wald interval; recorded variance assumptions; descriptive only"
"EEG-R155",155,"Wang et al. 2022","Alpha N1 [UTA-W22-ALPHA-48-N01]",0.4738473483,0.0244883119,"UTA-1064-EEG-49","Wang2022","source network power","alpha","eyes closed","during 4-8 min","study-defined source network","paired sham-subtracted normalized power",1,"Available study-level estimate; source/working assumptions retained",1,1,0,0,0,0,44,,"Fig7 dNP=15.017%; SEM=4.694%; paired dz -> Hedges g","Included - UTA cohort; multilevel/RVE","Paired randomized-order active vs sham; 1064 nm; right forehead; 64-ch EEG","Positive=higher tPBM dNP","cohort_id=UTA-1064-EEG-49; 66 correlated effects; companions Wang21/Shahdadian22/Truong23","READY - DIGITIZED UTA NETWORK POWER",0.156487417705067,0.167137645564394,0.780557051035606,"Approximate unadjusted Wald interval; recorded variance assumptions; descriptive only"
"EEG-R156",156,"Wang et al. 2022","Alpha N1 [UTA-W22-ALPHA-REC-N01]",0.3361796312,0.0232211009,"UTA-1064-EEG-49","Wang2022","source network power","alpha","eyes closed","recovery","study-defined source network","paired sham-subtracted normalized power",1,"Available study-level estimate; source/working assumptions retained",1,1,0,0,0,0,44,,"Fig7 dNP=10.731%; SEM=4.728%; paired dz -> Hedges g","Included - UTA cohort; multilevel/RVE","Paired randomized-order active vs sham; 1064 nm; right forehead; 64-ch EEG","Positive=higher tPBM dNP","cohort_id=UTA-1064-EEG-49; 66 correlated effects; companions Wang21/Shahdadian22/Truong23","READY - DIGITIZED UTA NETWORK POWER",0.152384713472185,0.0375110810000614,0.634848181399939,"Approximate unadjusted Wald interval; recorded variance assumptions; descriptive only"
"EEG-R157",157,"Wang et al. 2022","Alpha N2 [UTA-W22-ALPHA-04-N02]",0.199869999,0.0223907745,"UTA-1064-EEG-49","Wang2022","source network power","alpha","eyes closed","during 0-4 min","study-defined source network","paired sham-subtracted normalized power",1,"Available study-level estimate; source/working assumptions retained",1,1,0,0,0,0,44,,"Fig7 dNP=4.269%; SEM=3.163%; paired dz -> Hedges g","Included - UTA cohort; multilevel/RVE","Paired randomized-order active vs sham; 1064 nm; right forehead; 64-ch EEG","Positive=higher tPBM dNP","cohort_id=UTA-1064-EEG-49; 66 correlated effects; companions Wang21/Shahdadian22/Truong23","READY - DIGITIZED UTA NETWORK POWER",0.149635472064614,-0.0934101370562936,0.493150135056294,"Approximate unadjusted Wald interval; recorded variance assumptions; descriptive only"
"EEG-R158",158,"Wang et al. 2022","Alpha N2 [UTA-W22-ALPHA-48-N02]",0.3143725096,0.0230598888,"UTA-1064-EEG-49","Wang2022","source network power","alpha","eyes closed","during 4-8 min","study-defined source network","paired sham-subtracted normalized power",1,"Available study-level estimate; source/working assumptions retained",1,1,0,0,0,0,44,,"Fig7 dNP=7.364%; SEM=3.469%; paired dz -> Hedges g","Included - UTA cohort; multilevel/RVE","Paired randomized-order active vs sham; 1064 nm; right forehead; 64-ch EEG","Positive=higher tPBM dNP","cohort_id=UTA-1064-EEG-49; 66 correlated effects; companions Wang21/Shahdadian22/Truong23","READY - DIGITIZED UTA NETWORK POWER",0.151854828043102,0.0167425157569976,0.612002503443002,"Approximate unadjusted Wald interval; recorded variance assumptions; descriptive only"
"EEG-R159",159,"Wang et al. 2022","Alpha N2 [UTA-W22-ALPHA-REC-N02]",0.2867832362,0.0228714177,"UTA-1064-EEG-49","Wang2022","source network power","alpha","eyes closed","recovery","study-defined source network","paired sham-subtracted normalized power",1,"Available study-level estimate; source/working assumptions retained",1,1,0,0,0,0,44,,"Fig7 dNP=6.718%; SEM=3.469%; paired dz -> Hedges g","Included - UTA cohort; multilevel/RVE","Paired randomized-order active vs sham; 1064 nm; right forehead; 64-ch EEG","Positive=higher tPBM dNP","cohort_id=UTA-1064-EEG-49; 66 correlated effects; companions Wang21/Shahdadian22/Truong23","READY - DIGITIZED UTA NETWORK POWER",0.15123299144036,-0.00962798029735978,0.58319445269736,"Approximate unadjusted Wald interval; recorded variance assumptions; descriptive only"
"EEG-R160",160,"Wang et al. 2022","Alpha N3 [UTA-W22-ALPHA-04-N03]",0.2005442341,0.0223938423,"UTA-1064-EEG-49","Wang2022","source network power","alpha","eyes closed","during 0-4 min","study-defined source network","paired sham-subtracted normalized power",1,"Available study-level estimate; source/working assumptions retained",1,1,0,0,0,0,44,,"Fig7 dNP=6.310%; SEM=4.660%; paired dz -> Hedges g","Included - UTA cohort; multilevel/RVE","Paired randomized-order active vs sham; 1064 nm; right forehead; 64-ch EEG","Positive=higher tPBM dNP","cohort_id=UTA-1064-EEG-49; 66 correlated effects; companions Wang21/Shahdadian22/Truong23","READY - DIGITIZED UTA NETWORK POWER",0.149645722625139,-0.0927559926857428,0.493844460885743,"Approximate unadjusted Wald interval; recorded variance assumptions; descriptive only"
"EEG-R161",161,"Wang et al. 2022","Alpha N3 [UTA-W22-ALPHA-48-N03]",0.223554793,0.0225047373,"UTA-1064-EEG-49","Wang2022","source network power","alpha","eyes closed","during 4-8 min","study-defined source network","paired sham-subtracted normalized power",1,"Available study-level estimate; source/working assumptions retained",1,1,0,0,0,0,44,,"Fig7 dNP=8.214%; SEM=5.442%; paired dz -> Hedges g","Included - UTA cohort; multilevel/RVE","Paired randomized-order active vs sham; 1064 nm; right forehead; 64-ch EEG","Positive=higher tPBM dNP","cohort_id=UTA-1064-EEG-49; 66 correlated effects; companions Wang21/Shahdadian22/Truong23","READY - DIGITIZED UTA NETWORK POWER",0.150015790168902,-0.0704707528433656,0.517580338843366,"Approximate unadjusted Wald interval; recorded variance assumptions; descriptive only"
"EEG-R162",162,"Wang et al. 2022","Alpha N3 [UTA-W22-ALPHA-REC-N03]",0.2910550148,0.0228994677,"UTA-1064-EEG-49","Wang2022","source network power","alpha","eyes closed","recovery","study-defined source network","paired sham-subtracted normalized power",1,"Available study-level estimate; source/working assumptions retained",1,1,0,0,0,0,44,,"Fig7 dNP=8.622%; SEM=4.388%; paired dz -> Hedges g","Included - UTA cohort; multilevel/RVE","Paired randomized-order active vs sham; 1064 nm; right forehead; 64-ch EEG","Positive=higher tPBM dNP","cohort_id=UTA-1064-EEG-49; 66 correlated effects; companions Wang21/Shahdadian22/Truong23","READY - DIGITIZED UTA NETWORK POWER",0.15132570072529,-0.00553790855685482,0.587647938156855,"Approximate unadjusted Wald interval; recorded variance assumptions; descriptive only"
"EEG-R163",163,"Wang et al. 2022","Alpha N4 [UTA-W22-ALPHA-04-N04]",0.4419939157,0.0241568041,"UTA-1064-EEG-49","Wang2022","source network power","alpha","eyes closed","during 0-4 min","study-defined source network","paired sham-subtracted normalized power",1,"Available study-level estimate; source/working assumptions retained",1,1,0,0,0,0,44,,"Fig7 dNP=9.643%; SEM=3.231%; paired dz -> Hedges g","Included - UTA cohort; multilevel/RVE","Paired randomized-order active vs sham; 1064 nm; right forehead; 64-ch EEG","Positive=higher tPBM dNP","cohort_id=UTA-1064-EEG-49; 66 correlated effects; companions Wang21/Shahdadian22/Truong23","READY - DIGITIZED UTA NETWORK POWER",0.155424592970353,0.13736731116631,0.74662052023369,"Approximate unadjusted Wald interval; recorded variance assumptions; descriptive only"
"EEG-R164",164,"Wang et al. 2022","Alpha N4 [UTA-W22-ALPHA-48-N04]",0.5768169711,0.025717704,"UTA-1064-EEG-49","Wang2022","source network power","alpha","eyes closed","during 4-8 min","study-defined source network","paired sham-subtracted normalized power",1,"Available study-level estimate; source/working assumptions retained",1,1,0,0,0,0,44,,"Fig7 dNP=14.439%; SEM=3.707%; paired dz -> Hedges g","Included - UTA cohort; multilevel/RVE","Paired randomized-order active vs sham; 1064 nm; right forehead; 64-ch EEG","Positive=higher tPBM dNP","cohort_id=UTA-1064-EEG-49; 66 correlated effects; companions Wang21/Shahdadian22/Truong23","READY - DIGITIZED UTA NETWORK POWER",0.160367403171592,0.262502636589465,0.891131305610535,"Approximate unadjusted Wald interval; recorded variance assumptions; descriptive only"
"EEG-R165",165,"Wang et al. 2022","Alpha N4 [UTA-W22-ALPHA-REC-N04]",0.3348877751,0.0232112495,"UTA-1064-EEG-49","Wang2022","source network power","alpha","eyes closed","recovery","study-defined source network","paired sham-subtracted normalized power",1,"Available study-level estimate; source/working assumptions retained",1,1,0,0,0,0,44,,"Fig7 dNP=8.690%; SEM=3.844%; paired dz -> Hedges g","Included - UTA cohort; multilevel/RVE","Paired randomized-order active vs sham; 1064 nm; right forehead; 64-ch EEG","Positive=higher tPBM dNP","cohort_id=UTA-1064-EEG-49; 66 correlated effects; companions Wang21/Shahdadian22/Truong23","READY - DIGITIZED UTA NETWORK POWER",0.152352385934714,0.0362825857092142,0.633492964490786,"Approximate unadjusted Wald interval; recorded variance assumptions; descriptive only"
"EEG-R166",166,"Wang et al. 2022","Alpha N5 [UTA-W22-ALPHA-04-N05]",0.1888413158,0.0223420588,"UTA-1064-EEG-49","Wang2022","source network power","alpha","eyes closed","during 0-4 min","study-defined source network","paired sham-subtracted normalized power",1,"Available study-level estimate; source/working assumptions retained",1,1,0,0,0,0,44,,"Fig7 dNP=4.337%; SEM=3.401%; paired dz -> Hedges g","Included - UTA cohort; multilevel/RVE","Paired randomized-order active vs sham; 1064 nm; right forehead; 64-ch EEG","Positive=higher tPBM dNP","cohort_id=UTA-1064-EEG-49; 66 correlated effects; companions Wang21/Shahdadian22/Truong23","READY - DIGITIZED UTA NETWORK POWER",0.149472602171769,-0.104119601132151,0.481802232732151,"Approximate unadjusted Wald interval; recorded variance assumptions; descriptive only"
"EEG-R167",167,"Wang et al. 2022","Alpha N5 [UTA-W22-ALPHA-48-N05]",0.2996187094,0.0229569489,"UTA-1064-EEG-49","Wang2022","source network power","alpha","eyes closed","during 4-8 min","study-defined source network","paired sham-subtracted normalized power",1,"Available study-level estimate; source/working assumptions retained",1,1,0,0,0,0,44,,"Fig7 dNP=7.500%; SEM=3.707%; paired dz -> Hedges g","Included - UTA cohort; multilevel/RVE","Paired randomized-order active vs sham; 1064 nm; right forehead; 64-ch EEG","Positive=higher tPBM dNP","cohort_id=UTA-1064-EEG-49; 66 correlated effects; companions Wang21/Shahdadian22/Truong23","READY - DIGITIZED UTA NETWORK POWER",0.151515507127158,0.00265377233144765,0.596583646468552,"Approximate unadjusted Wald interval; recorded variance assumptions; descriptive only"
"EEG-R168",168,"Wang et al. 2022","Alpha N5 [UTA-W22-ALPHA-REC-N05]",0.0759068034,0.0220022952,"UTA-1064-EEG-49","Wang2022","source network power","alpha","eyes closed","recovery","study-defined source network","paired sham-subtracted normalized power",1,"Available study-level estimate; source/working assumptions retained",1,1,0,0,0,0,44,,"Fig7 dNP=2.092%; SEM=4.082%; paired dz -> Hedges g","Included - UTA cohort; multilevel/RVE","Paired randomized-order active vs sham; 1064 nm; right forehead; 64-ch EEG","Positive=higher tPBM dNP","cohort_id=UTA-1064-EEG-49; 66 correlated effects; companions Wang21/Shahdadian22/Truong23","READY - DIGITIZED UTA NETWORK POWER",0.148331706657747,-0.214817999414545,0.366631606214545,"Approximate unadjusted Wald interval; recorded variance assumptions; descriptive only"
"EEG-R169",169,"Wang et al. 2022","Alpha N6 [UTA-W22-ALPHA-04-N06]",0.2312485221,0.0225445002,"UTA-1064-EEG-49","Wang2022","source network power","alpha","eyes closed","during 0-4 min","study-defined source network","paired sham-subtracted normalized power",1,"Available study-level estimate; source/working assumptions retained",1,1,0,0,0,0,44,,"Fig7 dNP=5.629%; SEM=3.605%; paired dz -> Hedges g","Included - UTA cohort; multilevel/RVE","Paired randomized-order active vs sham; 1064 nm; right forehead; 64-ch EEG","Positive=higher tPBM dNP","cohort_id=UTA-1064-EEG-49; 66 correlated effects; companions Wang21/Shahdadian22/Truong23","READY - DIGITIZED UTA NETWORK POWER",0.150148260729187,-0.0630366612705367,0.525533705470537,"Approximate unadjusted Wald interval; recorded variance assumptions; descriptive only"
"EEG-R170",170,"Wang et al. 2022","Alpha N6 [UTA-W22-ALPHA-48-N06]",0.439871338,0.0241355333,"UTA-1064-EEG-49","Wang2022","source network power","alpha","eyes closed","during 4-8 min","study-defined source network","paired sham-subtracted normalized power",1,"Available study-level estimate; source/working assumptions retained",1,1,0,0,0,0,44,,"Fig7 dNP=8.384%; SEM=2.823%; paired dz -> Hedges g","Included - UTA cohort; multilevel/RVE","Paired randomized-order active vs sham; 1064 nm; right forehead; 64-ch EEG","Positive=higher tPBM dNP","cohort_id=UTA-1064-EEG-49; 66 correlated effects; companions Wang21/Shahdadian22/Truong23","READY - DIGITIZED UTA NETWORK POWER",0.15535614986218,0.135378879493321,0.744363796506679,"Approximate unadjusted Wald interval; recorded variance assumptions; descriptive only"
"EEG-R171",171,"Wang et al. 2022","Alpha N6 [UTA-W22-ALPHA-REC-N06]",0.3312148913,0.0231834482,"UTA-1064-EEG-49","Wang2022","source network power","alpha","eyes closed","recovery","study-defined source network","paired sham-subtracted normalized power",1,"Available study-level estimate; source/working assumptions retained",1,1,0,0,0,0,44,,"Fig7 dNP=6.922%; SEM=3.095%; paired dz -> Hedges g","Included - UTA cohort; multilevel/RVE","Paired randomized-order active vs sham; 1064 nm; right forehead; 64-ch EEG","Positive=higher tPBM dNP","cohort_id=UTA-1064-EEG-49; 66 correlated effects; companions Wang21/Shahdadian22/Truong23","READY - DIGITIZED UTA NETWORK POWER",0.152261118477437,0.0327885828384381,0.629641199761562,"Approximate unadjusted Wald interval; recorded variance assumptions; descriptive only"
"EEG-R172",172,"Wang et al. 2022","Alpha N7 [UTA-W22-ALPHA-04-N07]",0.0478806582,0.0219628715,"UTA-1064-EEG-49","Wang2022","source network power","alpha","eyes closed","during 0-4 min","study-defined source network","paired sham-subtracted normalized power",1,"Available study-level estimate; source/working assumptions retained",1,1,0,0,0,0,44,,"Fig7 dNP=1.276%; SEM=3.946%; paired dz -> Hedges g","Included - UTA cohort; multilevel/RVE","Paired randomized-order active vs sham; 1064 nm; right forehead; 64-ch EEG","Positive=higher tPBM dNP","cohort_id=UTA-1064-EEG-49; 66 correlated effects; companions Wang21/Shahdadian22/Truong23","READY - DIGITIZED UTA NETWORK POWER",0.148198756742423,-0.242583567568762,0.338344883968762,"Approximate unadjusted Wald interval; recorded variance assumptions; descriptive only"
"EEG-R173",173,"Wang et al. 2022","Alpha N7 [UTA-W22-ALPHA-48-N07]",0.2395580566,0.0225889568,"UTA-1064-EEG-49","Wang2022","source network power","alpha","eyes closed","during 4-8 min","study-defined source network","paired sham-subtracted normalized power",1,"Available study-level estimate; source/working assumptions retained",1,1,0,0,0,0,44,,"Fig7 dNP=7.262%; SEM=4.490%; paired dz -> Hedges g","Included - UTA cohort; multilevel/RVE","Paired randomized-order active vs sham; 1064 nm; right forehead; 64-ch EEG","Positive=higher tPBM dNP","cohort_id=UTA-1064-EEG-49; 66 correlated effects; companions Wang21/Shahdadian22/Truong23","READY - DIGITIZED UTA NETWORK POWER",0.150296230158976,-0.0550171415237363,0.534133254723736,"Approximate unadjusted Wald interval; recorded variance assumptions; descriptive only"
"EEG-R174",174,"Wang et al. 2022","Alpha N7 [UTA-W22-ALPHA-REC-N07]",0.231027586,0.0225433396,"UTA-1064-EEG-49","Wang2022","source network power","alpha","eyes closed","recovery","study-defined source network","paired sham-subtracted normalized power",1,"Available study-level estimate; source/working assumptions retained",1,1,0,0,0,0,44,,"Fig7 dNP=6.207%; SEM=3.980%; paired dz -> Hedges g","Included - UTA cohort; multilevel/RVE","Paired randomized-order active vs sham; 1064 nm; right forehead; 64-ch EEG","Positive=higher tPBM dNP","cohort_id=UTA-1064-EEG-49; 66 correlated effects; companions Wang21/Shahdadian22/Truong23","READY - DIGITIZED UTA NETWORK POWER",0.150144395832812,-0.0632500223128363,0.525305194312836,"Approximate unadjusted Wald interval; recorded variance assumptions; descriptive only"
"EEG-R175",175,"Wang et al. 2022","Alpha N8 [UTA-W22-ALPHA-04-N08]",0.4940275909,0.0247102659,"UTA-1064-EEG-49","Wang2022","source network power","alpha","eyes closed","during 0-4 min","study-defined source network","paired sham-subtracted normalized power",1,"Available study-level estimate; source/working assumptions retained",1,1,0,0,0,0,44,,"Fig7 dNP=8.622%; SEM=2.585%; paired dz -> Hedges g","Included - UTA cohort; multilevel/RVE","Paired randomized-order active vs sham; 1064 nm; right forehead; 64-ch EEG","Positive=higher tPBM dNP","cohort_id=UTA-1064-EEG-49; 66 correlated effects; companions Wang21/Shahdadian22/Truong23","READY - DIGITIZED UTA NETWORK POWER",0.157194993240879,0.18593106559786,0.80212411620214,"Approximate unadjusted Wald interval; recorded variance assumptions; descriptive only"
"EEG-R176",176,"Wang et al. 2022","Alpha N8 [UTA-W22-ALPHA-48-N08]",0.3654993209,0.0234548851,"UTA-1064-EEG-49","Wang2022","source network power","alpha","eyes closed","during 4-8 min","study-defined source network","paired sham-subtracted normalized power",1,"Available study-level estimate; source/working assumptions retained",1,1,0,0,0,0,44,,"Fig7 dNP=7.806%; SEM=3.163%; paired dz -> Hedges g","Included - UTA cohort; multilevel/RVE","Paired randomized-order active vs sham; 1064 nm; right forehead; 64-ch EEG","Positive=higher tPBM dNP","cohort_id=UTA-1064-EEG-49; 66 correlated effects; companions Wang21/Shahdadian22/Truong23","READY - DIGITIZED UTA NETWORK POWER",0.153149877897437,0.0653310759843158,0.665667565815684,"Approximate unadjusted Wald interval; recorded variance assumptions; descriptive only"
"EEG-R177",177,"Wang et al. 2022","Alpha N8 [UTA-W22-ALPHA-REC-N08]",0.313761113,0.0230555247,"UTA-1064-EEG-49","Wang2022","source network power","alpha","eyes closed","recovery","study-defined source network","paired sham-subtracted normalized power",1,"Available study-level estimate; source/working assumptions retained",1,1,0,0,0,0,44,,"Fig7 dNP=8.214%; SEM=3.878%; paired dz -> Hedges g","Included - UTA cohort; multilevel/RVE","Paired randomized-order active vs sham; 1064 nm; right forehead; 64-ch EEG","Positive=higher tPBM dNP","cohort_id=UTA-1064-EEG-49; 66 correlated effects; companions Wang21/Shahdadian22/Truong23","READY - DIGITIZED UTA NETWORK POWER",0.151840458047254,0.0161592838313165,0.611362942168683,"Approximate unadjusted Wald interval; recorded variance assumptions; descriptive only"
"EEG-R178",178,"Wang et al. 2022","Alpha N9 [UTA-W22-ALPHA-04-N09]",0.2221662539,0.0224977043,"UTA-1064-EEG-49","Wang2022","source network power","alpha","eyes closed","during 0-4 min","study-defined source network","paired sham-subtracted normalized power",1,"Available study-level estimate; source/working assumptions retained",1,1,0,0,0,0,44,,"Fig7 dNP=5.867%; SEM=3.912%; paired dz -> Hedges g","Included - UTA cohort; multilevel/RVE","Paired randomized-order active vs sham; 1064 nm; right forehead; 64-ch EEG","Positive=higher tPBM dNP","cohort_id=UTA-1064-EEG-49; 66 correlated effects; companions Wang21/Shahdadian22/Truong23","READY - DIGITIZED UTA NETWORK POWER",0.149992347471463,-0.0718133451006843,0.516145852900684,"Approximate unadjusted Wald interval; recorded variance assumptions; descriptive only"
"EEG-R179",179,"Wang et al. 2022","Alpha N9 [UTA-W22-ALPHA-48-N09]",0.302119891,0.0229740519,"UTA-1064-EEG-49","Wang2022","source network power","alpha","eyes closed","during 4-8 min","study-defined source network","paired sham-subtracted normalized power",1,"Available study-level estimate; source/working assumptions retained",1,1,0,0,0,0,44,,"Fig7 dNP=7.840%; SEM=3.844%; paired dz -> Hedges g","Included - UTA cohort; multilevel/RVE","Paired randomized-order active vs sham; 1064 nm; right forehead; 64-ch EEG","Positive=higher tPBM dNP","cohort_id=UTA-1064-EEG-49; 66 correlated effects; companions Wang21/Shahdadian22/Truong23","READY - DIGITIZED UTA NETWORK POWER",0.151571936386654,0.00504435461516134,0.599195427384839,"Approximate unadjusted Wald interval; recorded variance assumptions; descriptive only"
"EEG-R180",180,"Wang et al. 2022","Alpha N9 [UTA-W22-ALPHA-REC-N09]",0.1716478292,0.0222716263,"UTA-1064-EEG-49","Wang2022","source network power","alpha","eyes closed","recovery","study-defined source network","paired sham-subtracted normalized power",1,"Available study-level estimate; source/working assumptions retained",1,1,0,0,0,0,44,,"Fig7 dNP=5.085%; SEM=4.388%; paired dz -> Hedges g","Included - UTA cohort; multilevel/RVE","Paired randomized-order active vs sham; 1064 nm; right forehead; 64-ch EEG","Positive=higher tPBM dNP","cohort_id=UTA-1064-EEG-49; 66 correlated effects; companions Wang21/Shahdadian22/Truong23","READY - DIGITIZED UTA NETWORK POWER",0.14923681281775,-0.120850949090334,0.464146607490334,"Approximate unadjusted Wald interval; recorded variance assumptions; descriptive only"
"EEG-R181",181,"Wang et al. 2022","Alpha N10 [UTA-W22-ALPHA-04-N10]",0.1110831269,0.0220770409,"UTA-1064-EEG-49","Wang2022","source network power","alpha","eyes closed","during 0-4 min","study-defined source network","paired sham-subtracted normalized power",1,"Available study-level estimate; source/working assumptions retained",1,1,0,0,0,0,44,,"Fig7 dNP=3.112%; SEM=4.150%; paired dz -> Hedges g","Included - UTA cohort; multilevel/RVE","Paired randomized-order active vs sham; 1064 nm; right forehead; 64-ch EEG","Positive=higher tPBM dNP","cohort_id=UTA-1064-EEG-49; 66 correlated effects; companions Wang21/Shahdadian22/Truong23","READY - DIGITIZED UTA NETWORK POWER",0.148583447597638,-0.180135079090165,0.402301332890165,"Approximate unadjusted Wald interval; recorded variance assumptions; descriptive only"
"EEG-R182",182,"Wang et al. 2022","Alpha N10 [UTA-W22-ALPHA-48-N10]",0.1982774094,0.0223835689,"UTA-1064-EEG-49","Wang2022","source network power","alpha","eyes closed","during 4-8 min","study-defined source network","paired sham-subtracted normalized power",1,"Available study-level estimate; source/working assumptions retained",1,1,0,0,0,0,44,,"Fig7 dNP=7.058%; SEM=5.272%; paired dz -> Hedges g","Included - UTA cohort; multilevel/RVE","Paired randomized-order active vs sham; 1064 nm; right forehead; 64-ch EEG","Positive=higher tPBM dNP","cohort_id=UTA-1064-EEG-49; 66 correlated effects; companions Wang21/Shahdadian22/Truong23","READY - DIGITIZED UTA NETWORK POWER",0.149611392948532,-0.0949555324559921,0.491510351255992,"Approximate unadjusted Wald interval; recorded variance assumptions; descriptive only"
"EEG-R183",183,"Wang et al. 2022","Alpha N10 [UTA-W22-ALPHA-REC-N10]",0.2414206626,0.0225991372,"UTA-1064-EEG-49","Wang2022","source network power","alpha","eyes closed","recovery","study-defined source network","paired sham-subtracted normalized power",1,"Available study-level estimate; source/working assumptions retained",1,1,0,0,0,0,44,,"Fig7 dNP=8.316%; SEM=5.102%; paired dz -> Hedges g","Included - UTA cohort; multilevel/RVE","Paired randomized-order active vs sham; 1064 nm; right forehead; 64-ch EEG","Positive=higher tPBM dNP","cohort_id=UTA-1064-EEG-49; 66 correlated effects; companions Wang21/Shahdadian22/Truong23","READY - DIGITIZED UTA NETWORK POWER",0.150330094126226,-0.0532209076799194,0.536062232879919,"Approximate unadjusted Wald interval; recorded variance assumptions; descriptive only"
"EEG-R184",184,"Wang et al. 2022","Alpha N11 [UTA-W22-ALPHA-04-N11]",0.1178715403,0.0220947027,"UTA-1064-EEG-49","Wang2022","source network power","alpha","eyes closed","during 0-4 min","study-defined source network","paired sham-subtracted normalized power",1,"Available study-level estimate; source/working assumptions retained",1,1,0,0,0,0,44,,"Fig7 dNP=3.248%; SEM=4.082%; paired dz -> Hedges g","Included - UTA cohort; multilevel/RVE","Paired randomized-order active vs sham; 1064 nm; right forehead; 64-ch EEG","Positive=higher tPBM dNP","cohort_id=UTA-1064-EEG-49; 66 correlated effects; companions Wang21/Shahdadian22/Truong23","READY - DIGITIZED UTA NETWORK POWER",0.148642869657444,-0.173463130787273,0.409206211387273,"Approximate unadjusted Wald interval; recorded variance assumptions; descriptive only"
"EEG-R185",185,"Wang et al. 2022","Alpha N11 [UTA-W22-ALPHA-48-N11]",0.1539713366,0.0222062194,"UTA-1064-EEG-49","Wang2022","source network power","alpha","eyes closed","during 4-8 min","study-defined source network","paired sham-subtracted normalized power",1,"Available study-level estimate; source/working assumptions retained",1,1,0,0,0,0,44,,"Fig7 dNP=4.915%; SEM=4.728%; paired dz -> Hedges g","Included - UTA cohort; multilevel/RVE","Paired randomized-order active vs sham; 1064 nm; right forehead; 64-ch EEG","Positive=higher tPBM dNP","cohort_id=UTA-1064-EEG-49; 66 correlated effects; companions Wang21/Shahdadian22/Truong23","READY - DIGITIZED UTA NETWORK POWER",0.149017513735802,-0.138097623387875,0.446040296587875,"Approximate unadjusted Wald interval; recorded variance assumptions; descriptive only"
"EEG-R186",186,"Wang et al. 2022","Alpha N11 [UTA-W22-ALPHA-REC-N11]",0.1134806045,0.0220831589,"UTA-1064-EEG-49","Wang2022","source network power","alpha","eyes closed","recovery","study-defined source network","paired sham-subtracted normalized power",1,"Available study-level estimate; source/working assumptions retained",1,1,0,0,0,0,44,,"Fig7 dNP=3.622%; SEM=4.728%; paired dz -> Hedges g","Included - UTA cohort; multilevel/RVE","Paired randomized-order active vs sham; 1064 nm; right forehead; 64-ch EEG","Positive=higher tPBM dNP","cohort_id=UTA-1064-EEG-49; 66 correlated effects; companions Wang21/Shahdadian22/Truong23","READY - DIGITIZED UTA NETWORK POWER",0.148604033929096,-0.177777949958397,0.404739158958397,"Approximate unadjusted Wald interval; recorded variance assumptions; descriptive only"
"EEG-R187",187,"Wang et al. 2022","Gamma N1 [UTA-W22-GAMMA-04-N01]",-0.2221662539,0.0224977043,"UTA-1064-EEG-49","Wang2022","source network power","gamma","eyes closed","during 0-4 min","study-defined source network","paired sham-subtracted normalized power",1,"Available study-level estimate; source/working assumptions retained",1,1,0,0,0,0,44,,"Fig7 dNP=-5.060%; SEM=3.373%; paired dz -> Hedges g","Included - UTA cohort; multilevel/RVE","Paired randomized-order active vs sham; 1064 nm; right forehead; 64-ch EEG","Negative=lower tPBM dNP","cohort_id=UTA-1064-EEG-49; 66 correlated effects; companions Wang21/Shahdadian22/Truong23","READY - DIGITIZED UTA NETWORK POWER",0.149992347471463,-0.516145852900684,0.0718133451006843,"Approximate unadjusted Wald interval; recorded variance assumptions; descriptive only"
"EEG-R188",188,"Wang et al. 2022","Gamma N1 [UTA-W22-GAMMA-48-N01]",-0.2089868999,0.0224331325,"UTA-1064-EEG-49","Wang2022","source network power","gamma","eyes closed","during 4-8 min","study-defined source network","paired sham-subtracted normalized power",1,"Available study-level estimate; source/working assumptions retained",1,1,0,0,0,0,44,,"Fig7 dNP=-6.607%; SEM=4.683%; paired dz -> Hedges g","Included - UTA cohort; multilevel/RVE","Paired randomized-order active vs sham; 1064 nm; right forehead; 64-ch EEG","Negative=lower tPBM dNP","cohort_id=UTA-1064-EEG-49; 66 correlated effects; companions Wang21/Shahdadian22/Truong23","READY - DIGITIZED UTA NETWORK POWER",0.149776942484483,-0.502544312884113,0.0845705130841129,"Approximate unadjusted Wald interval; recorded variance assumptions; descriptive only"
"EEG-R189",189,"Wang et al. 2022","Gamma N1 [UTA-W22-GAMMA-REC-N01]",-0.2353735896,0.0225663734,"UTA-1064-EEG-49","Wang2022","source network power","gamma","eyes closed","recovery","study-defined source network","paired sham-subtracted normalized power",1,"Available study-level estimate; source/working assumptions retained",1,1,0,0,0,0,44,,"Fig7 dNP=-9.901%; SEM=6.230%; paired dz -> Hedges g","Included - UTA cohort; multilevel/RVE","Paired randomized-order active vs sham; 1064 nm; right forehead; 64-ch EEG","Negative=lower tPBM dNP","cohort_id=UTA-1064-EEG-49; 66 correlated effects; companions Wang21/Shahdadian22/Truong23","READY - DIGITIZED UTA NETWORK POWER",0.150221081742877,-0.529801499534685,0.0590543203346854,"Approximate unadjusted Wald interval; recorded variance assumptions; descriptive only"
"EEG-R190",190,"Wang et al. 2022","Gamma N2 [UTA-W22-GAMMA-04-N02]",-0.2381931727,0.0225815469,"UTA-1064-EEG-49","Wang2022","source network power","gamma","eyes closed","during 0-4 min","study-defined source network","paired sham-subtracted normalized power",1,"Available study-level estimate; source/working assumptions retained",1,1,0,0,0,0,44,,"Fig7 dNP=-8.552%; SEM=5.317%; paired dz -> Hedges g","Included - UTA cohort; multilevel/RVE","Paired randomized-order active vs sham; 1064 nm; right forehead; 64-ch EEG","Negative=lower tPBM dNP","cohort_id=UTA-1064-EEG-49; 66 correlated effects; companions Wang21/Shahdadian22/Truong23","READY - DIGITIZED UTA NETWORK POWER",0.150271577152834,-0.532720051819586,0.0563337064195856,"Approximate unadjusted Wald interval; recorded variance assumptions; descriptive only"
"EEG-R191",191,"Wang et al. 2022","Gamma N2 [UTA-W22-GAMMA-48-N02]",-0.2875485148,0.0228764123,"UTA-1064-EEG-49","Wang2022","source network power","gamma","eyes closed","during 4-8 min","study-defined source network","paired sham-subtracted normalized power",1,"Available study-level estimate; source/working assumptions retained",1,1,0,0,0,0,44,,"Fig7 dNP=-8.552%; SEM=4.405%; paired dz -> Hedges g","Included - UTA cohort; multilevel/RVE","Paired randomized-order active vs sham; 1064 nm; right forehead; 64-ch EEG","Negative=lower tPBM dNP","cohort_id=UTA-1064-EEG-49; 66 correlated effects; companions Wang21/Shahdadian22/Truong23","READY - DIGITIZED UTA NETWORK POWER",0.151249503470259,-0.583992094281274,0.00889506468127421,"Approximate unadjusted Wald interval; recorded variance assumptions; descriptive only"
"EEG-R192",192,"Wang et al. 2022","Gamma N2 [UTA-W22-GAMMA-REC-N02]",-0.2544362126,0.0226724764,"UTA-1064-EEG-49","Wang2022","source network power","gamma","eyes closed","recovery","study-defined source network","paired sham-subtracted normalized power",1,"Available study-level estimate; source/working assumptions retained",1,1,0,0,0,0,44,,"Fig7 dNP=-12.202%; SEM=7.103%; paired dz -> Hedges g","Included - UTA cohort; multilevel/RVE","Paired randomized-order active vs sham; 1064 nm; right forehead; 64-ch EEG","Negative=lower tPBM dNP","cohort_id=UTA-1064-EEG-49; 66 correlated effects; companions Wang21/Shahdadian22/Truong23","READY - DIGITIZED UTA NETWORK POWER",0.15057382375433,-0.549555484172968,0.0406830589729681,"Approximate unadjusted Wald interval; recorded variance assumptions; descriptive only"
"EEG-R193",193,"Wang et al. 2022","Gamma N3 [UTA-W22-GAMMA-04-N03]",-0.0678191722,0.0219890861,"UTA-1064-EEG-49","Wang2022","source network power","gamma","eyes closed","during 0-4 min","study-defined source network","paired sham-subtracted normalized power",1,"Available study-level estimate; source/working assumptions retained",1,1,0,0,0,0,44,,"Fig7 dNP=-1.726%; SEM=3.770%; paired dz -> Hedges g","Included - UTA cohort; multilevel/RVE","Paired randomized-order active vs sham; 1064 nm; right forehead; 64-ch EEG","Negative=lower tPBM dNP","cohort_id=UTA-1064-EEG-49; 66 correlated effects; companions Wang21/Shahdadian22/Truong23","READY - DIGITIZED UTA NETWORK POWER",0.148287174428539,-0.358456693449146,0.222818349049146,"Approximate unadjusted Wald interval; recorded variance assumptions; descriptive only"
"EEG-R194",194,"Wang et al. 2022","Gamma N3 [UTA-W22-GAMMA-48-N03]",0.0641813622,0.0219836293,"UTA-1064-EEG-49","Wang2022","source network power","gamma","eyes closed","during 4-8 min","study-defined source network","paired sham-subtracted normalized power",1,"Available study-level estimate; source/working assumptions retained",1,1,0,0,0,0,44,,"Fig7 dNP=1.806%; SEM=4.167%; paired dz -> Hedges g","Included - UTA cohort; multilevel/RVE","Paired randomized-order active vs sham; 1064 nm; right forehead; 64-ch EEG","Positive=higher tPBM dNP","cohort_id=UTA-1064-EEG-49; 66 correlated effects; companions Wang21/Shahdadian22/Truong23","READY - DIGITIZED UTA NETWORK POWER",0.148268773853431,-0.22642009458464,0.35478281898464,"Approximate unadjusted Wald interval; recorded variance assumptions; descriptive only"
"EEG-R195",195,"Wang et al. 2022","Gamma N3 [UTA-W22-GAMMA-REC-N03]",-0.0060931673,0.0219372416,"UTA-1064-EEG-49","Wang2022","source network power","gamma","eyes closed","recovery","study-defined source network","paired sham-subtracted normalized power",1,"Available study-level estimate; source/working assumptions retained",1,1,0,0,0,0,44,,"Fig7 dNP=-0.258%; SEM=6.270%; paired dz -> Hedges g","Included - UTA cohort; multilevel/RVE","Paired randomized-order active vs sham; 1064 nm; right forehead; 64-ch EEG","Negative=lower tPBM dNP","cohort_id=UTA-1064-EEG-49; 66 correlated effects; companions Wang21/Shahdadian22/Truong23","READY - DIGITIZED UTA NETWORK POWER",0.148112260127243,-0.296387862818223,0.284201528218223,"Approximate unadjusted Wald interval; recorded variance assumptions; descriptive only"
"EEG-R196",196,"Wang et al. 2022","Gamma N4 [UTA-W22-GAMMA-04-N04]",-0.2970354677,0.0229394341,"UTA-1064-EEG-49","Wang2022","source network power","gamma","eyes closed","during 0-4 min","study-defined source network","paired sham-subtracted normalized power",1,"Available study-level estimate; source/working assumptions retained",1,1,0,0,0,0,44,,"Fig7 dNP=-7.242%; SEM=3.611%; paired dz -> Hedges g","Included - UTA cohort; multilevel/RVE","Paired randomized-order active vs sham; 1064 nm; right forehead; 64-ch EEG","Negative=lower tPBM dNP","cohort_id=UTA-1064-EEG-49; 66 correlated effects; companions Wang21/Shahdadian22/Truong23","READY - DIGITIZED UTA NETWORK POWER",0.151457697394355,-0.593887099774302,-0.000183835625698348,"Approximate unadjusted Wald interval; recorded variance assumptions; descriptive only"
"EEG-R197",197,"Wang et al. 2022","Gamma N4 [UTA-W22-GAMMA-48-N04]",-0.3313979954,0.0231848269,"UTA-1064-EEG-49","Wang2022","source network power","gamma","eyes closed","during 4-8 min","study-defined source network","paired sham-subtracted normalized power",1,"Available study-level estimate; source/working assumptions retained",1,1,0,0,0,0,44,,"Fig7 dNP=-10.655%; SEM=4.762%; paired dz -> Hedges g","Included - UTA cohort; multilevel/RVE","Paired randomized-order active vs sham; 1064 nm; right forehead; 64-ch EEG","Negative=lower tPBM dNP","cohort_id=UTA-1064-EEG-49; 66 correlated effects; companions Wang21/Shahdadian22/Truong23","READY - DIGITIZED UTA NETWORK POWER",0.152265645829911,-0.629833177309358,-0.0329628134906423,"Approximate unadjusted Wald interval; recorded variance assumptions; descriptive only"
"EEG-R198",198,"Wang et al. 2022","Gamma N4 [UTA-W22-GAMMA-REC-N04]",-0.3067357127,0.0230059879,"UTA-1064-EEG-49","Wang2022","source network power","gamma","eyes closed","recovery","study-defined source network","paired sham-subtracted normalized power",1,"Available study-level estimate; source/working assumptions retained",1,1,0,0,0,0,44,,"Fig7 dNP=-13.313%; SEM=6.429%; paired dz -> Hedges g","Included - UTA cohort; multilevel/RVE","Paired randomized-order active vs sham; 1064 nm; right forehead; 64-ch EEG","Negative=lower tPBM dNP","cohort_id=UTA-1064-EEG-49; 66 correlated effects; companions Wang21/Shahdadian22/Truong23","READY - DIGITIZED UTA NETWORK POWER",0.151677249117987,-0.604017658245365,-0.00945376715463514,"Approximate unadjusted Wald interval; recorded variance assumptions; descriptive only"
"EEG-R199",199,"Wang et al. 2022","Gamma N5 [UTA-W22-GAMMA-04-N05]",-0.2984657754,0.0229491131,"UTA-1064-EEG-49","Wang2022","source network power","gamma","eyes closed","during 0-4 min","study-defined source network","paired sham-subtracted normalized power",1,"Available study-level estimate; source/working assumptions retained",1,1,0,0,0,0,44,,"Fig7 dNP=-7.917%; SEM=3.929%; paired dz -> Hedges g","Included - UTA cohort; multilevel/RVE","Paired randomized-order active vs sham; 1064 nm; right forehead; 64-ch EEG","Negative=lower tPBM dNP","cohort_id=UTA-1064-EEG-49; 66 correlated effects; companions Wang21/Shahdadian22/Truong23","READY - DIGITIZED UTA NETWORK POWER",0.151489646840964,-0.595380027238981,-0.00155152356101862,"Approximate unadjusted Wald interval; recorded variance assumptions; descriptive only"
"EEG-R200",200,"Wang et al. 2022","Gamma N5 [UTA-W22-GAMMA-48-N05]",-0.3531402989,0.0233539569,"UTA-1064-EEG-49","Wang2022","source network power","gamma","eyes closed","during 4-8 min","study-defined source network","paired sham-subtracted normalized power",1,"Available study-level estimate; source/working assumptions retained",1,1,0,0,0,0,44,,"Fig7 dNP=-11.448%; SEM=4.802%; paired dz -> Hedges g","Included - UTA cohort; multilevel/RVE","Paired randomized-order active vs sham; 1064 nm; right forehead; 64-ch EEG","Negative=lower tPBM dNP","cohort_id=UTA-1064-EEG-49; 66 correlated effects; companions Wang21/Shahdadian22/Truong23","READY - DIGITIZED UTA NETWORK POWER",0.152820014723203,-0.652662023874359,-0.0536185739256413,"Approximate unadjusted Wald interval; recorded variance assumptions; descriptive only"
"EEG-R201",201,"Wang et al. 2022","Gamma N5 [UTA-W22-GAMMA-REC-N05]",-0.280710064,0.0228322531,"UTA-1064-EEG-49","Wang2022","source network power","gamma","eyes closed","recovery","study-defined source network","paired sham-subtracted normalized power",1,"Available study-level estimate; source/working assumptions retained",1,1,0,0,0,0,44,,"Fig7 dNP=-11.131%; SEM=5.873%; paired dz -> Hedges g","Included - UTA cohort; multilevel/RVE","Paired randomized-order active vs sham; 1064 nm; right forehead; 64-ch EEG","Negative=lower tPBM dNP","cohort_id=UTA-1064-EEG-49; 66 correlated effects; companions Wang21/Shahdadian22/Truong23","READY - DIGITIZED UTA NETWORK POWER",0.1511034516482,-0.576867387170162,0.015447259170162,"Approximate unadjusted Wald interval; recorded variance assumptions; descriptive only"
"EEG-R202",202,"Wang et al. 2022","Gamma N6 [UTA-W22-GAMMA-04-N06]",-0.0961615129,0.0220418997,"UTA-1064-EEG-49","Wang2022","source network power","gamma","eyes closed","during 0-4 min","study-defined source network","paired sham-subtracted normalized power",1,"Available study-level estimate; source/working assumptions retained",1,1,0,0,0,0,44,,"Fig7 dNP=-1.726%; SEM=2.659%; paired dz -> Hedges g","Included - UTA cohort; multilevel/RVE","Paired randomized-order active vs sham; 1064 nm; right forehead; 64-ch EEG","Negative=lower tPBM dNP","cohort_id=UTA-1064-EEG-49; 66 correlated effects; companions Wang21/Shahdadian22/Truong23","READY - DIGITIZED UTA NETWORK POWER",0.148465146414908,-0.387147852832685,0.194824827032685,"Approximate unadjusted Wald interval; recorded variance assumptions; descriptive only"
"EEG-R203",203,"Wang et al. 2022","Gamma N6 [UTA-W22-GAMMA-48-N06]",-0.0776243538,0.0220052918,"UTA-1064-EEG-49","Wang2022","source network power","gamma","eyes closed","during 4-8 min","study-defined source network","paired sham-subtracted normalized power",1,"Available study-level estimate; source/working assumptions retained",1,1,0,0,0,0,44,,"Fig7 dNP=-1.726%; SEM=3.294%; paired dz -> Hedges g","Included - UTA cohort; multilevel/RVE","Paired randomized-order active vs sham; 1064 nm; right forehead; 64-ch EEG","Negative=lower tPBM dNP","cohort_id=UTA-1064-EEG-49; 66 correlated effects; companions Wang21/Shahdadian22/Truong23","READY - DIGITIZED UTA NETWORK POWER",0.148341807323492,-0.368368953555624,0.213120245955624,"Approximate unadjusted Wald interval; recorded variance assumptions; descriptive only"
"EEG-R204",204,"Wang et al. 2022","Gamma N6 [UTA-W22-GAMMA-REC-N06]",-0.0310768272,0.0219477944,"UTA-1064-EEG-49","Wang2022","source network power","gamma","eyes closed","recovery","study-defined source network","paired sham-subtracted normalized power",1,"Available study-level estimate; source/working assumptions retained",1,1,0,0,0,0,44,,"Fig7 dNP=-0.933%; SEM=4.444%; paired dz -> Hedges g","Included - UTA cohort; multilevel/RVE","Paired randomized-order active vs sham; 1064 nm; right forehead; 64-ch EEG","Negative=lower tPBM dNP","cohort_id=UTA-1064-EEG-49; 66 correlated effects; companions Wang21/Shahdadian22/Truong23","READY - DIGITIZED UTA NETWORK POWER",0.148147880173832,-0.321441336726666,0.259287682326666,"Approximate unadjusted Wald interval; recorded variance assumptions; descriptive only"
"EEG-R205",205,"Wang et al. 2022","Gamma N7 [UTA-W22-GAMMA-04-N07]",-0.1663483642,0.0222512717,"UTA-1064-EEG-49","Wang2022","source network power","gamma","eyes closed","during 0-4 min","study-defined source network","paired sham-subtracted normalized power",1,"Available study-level estimate; source/working assumptions retained",1,1,0,0,0,0,44,,"Fig7 dNP=-5.972%; SEM=5.317%; paired dz -> Hedges g","Included - UTA cohort; multilevel/RVE","Paired randomized-order active vs sham; 1064 nm; right forehead; 64-ch EEG","Negative=lower tPBM dNP","cohort_id=UTA-1064-EEG-49; 66 correlated effects; companions Wang21/Shahdadian22/Truong23","READY - DIGITIZED UTA NETWORK POWER",0.14916860158894,-0.458713450938527,0.126016722538527,"Approximate unadjusted Wald interval; recorded variance assumptions; descriptive only"
"EEG-R206",206,"Wang et al. 2022","Gamma N7 [UTA-W22-GAMMA-48-N07]",-0.1610144315,0.0222314293,"UTA-1064-EEG-49","Wang2022","source network power","gamma","eyes closed","during 4-8 min","study-defined source network","paired sham-subtracted normalized power",1,"Available study-level estimate; source/working assumptions retained",1,1,0,0,0,0,44,,"Fig7 dNP=-5.694%; SEM=5.238%; paired dz -> Hedges g","Included - UTA cohort; multilevel/RVE","Paired randomized-order active vs sham; 1064 nm; right forehead; 64-ch EEG","Negative=lower tPBM dNP","cohort_id=UTA-1064-EEG-49; 66 correlated effects; companions Wang21/Shahdadian22/Truong23","READY - DIGITIZED UTA NETWORK POWER",0.149102076779634,-0.453249132008209,0.131220269008209,"Approximate unadjusted Wald interval; recorded variance assumptions; descriptive only"
"EEG-R207",207,"Wang et al. 2022","Gamma N7 [UTA-W22-GAMMA-REC-N07]",-0.1295207927,0.0221274519,"UTA-1064-EEG-49","Wang2022","source network power","gamma","eyes closed","recovery","study-defined source network","paired sham-subtracted normalized power",1,"Available study-level estimate; source/working assumptions retained",1,1,0,0,0,0,44,,"Fig7 dNP=-8.433%; SEM=9.643%; paired dz -> Hedges g","Included - UTA cohort; multilevel/RVE","Paired randomized-order active vs sham; 1064 nm; right forehead; 64-ch EEG","Negative=lower tPBM dNP","cohort_id=UTA-1064-EEG-49; 66 correlated effects; companions Wang21/Shahdadian22/Truong23","READY - DIGITIZED UTA NETWORK POWER",0.14875298954979,-0.421071294810252,0.162029709410252,"Approximate unadjusted Wald interval; recorded variance assumptions; descriptive only"
"EEG-R208",208,"Wang et al. 2022","Gamma N8 [UTA-W22-GAMMA-04-N08]",-0.1471734256,0.0221829563,"UTA-1064-EEG-49","Wang2022","source network power","gamma","eyes closed","during 0-4 min","study-defined source network","paired sham-subtracted normalized power",1,"Available study-level estimate; source/working assumptions retained",1,1,0,0,0,0,44,,"Fig7 dNP=-3.115%; SEM=3.135%; paired dz -> Hedges g","Included - UTA cohort; multilevel/RVE","Paired randomized-order active vs sham; 1064 nm; right forehead; 64-ch EEG","Negative=lower tPBM dNP","cohort_id=UTA-1064-EEG-49; 66 correlated effects; companions Wang21/Shahdadian22/Truong23","READY - DIGITIZED UTA NETWORK POWER",0.148939438363383,-0.439089360669854,0.144742509469854,"Approximate unadjusted Wald interval; recorded variance assumptions; descriptive only"
"EEG-R209",209,"Wang et al. 2022","Gamma N8 [UTA-W22-GAMMA-48-N08]",-0.1969070416,0.022377415,"UTA-1064-EEG-49","Wang2022","source network power","gamma","eyes closed","during 4-8 min","study-defined source network","paired sham-subtracted normalized power",1,"Available study-level estimate; source/working assumptions retained",1,1,0,0,0,0,44,,"Fig7 dNP=-6.806%; SEM=5.119%; paired dz -> Hedges g","Included - UTA cohort; multilevel/RVE","Paired randomized-order active vs sham; 1064 nm; right forehead; 64-ch EEG","Negative=lower tPBM dNP","cohort_id=UTA-1064-EEG-49; 66 correlated effects; companions Wang21/Shahdadian22/Truong23","READY - DIGITIZED UTA NETWORK POWER",0.149590825253423,-0.490099671514333,0.0962855883143329,"Approximate unadjusted Wald interval; recorded variance assumptions; descriptive only"
"EEG-R210",210,"Wang et al. 2022","Gamma N8 [UTA-W22-GAMMA-REC-N08]",-0.2694356696,0.0227617695,"UTA-1064-EEG-49","Wang2022","source network power","gamma","eyes closed","recovery","study-defined source network","paired sham-subtracted normalized power",1,"Available study-level estimate; source/working assumptions retained",1,1,0,0,0,0,44,,"Fig7 dNP=-10.179%; SEM=5.595%; paired dz -> Hedges g","Included - UTA cohort; multilevel/RVE","Paired randomized-order active vs sham; 1064 nm; right forehead; 64-ch EEG","Negative=lower tPBM dNP","cohort_id=UTA-1064-EEG-49; 66 correlated effects; companions Wang21/Shahdadian22/Truong23","READY - DIGITIZED UTA NETWORK POWER",0.150870041757799,-0.56513551779134,0.0262641785913399,"Approximate unadjusted Wald interval; recorded variance assumptions; descriptive only"
"EEG-R211",211,"Wang et al. 2022","Gamma N9 [UTA-W22-GAMMA-04-N09]",-0.386146108,0.0236312381,"UTA-1064-EEG-49","Wang2022","source network power","gamma","eyes closed","during 0-4 min","study-defined source network","paired sham-subtracted normalized power",1,"Available study-level estimate; source/working assumptions retained",1,1,0,0,0,0,44,,"Fig7 dNP=-7.242%; SEM=2.778%; paired dz -> Hedges g","Included - UTA cohort; multilevel/RVE","Paired randomized-order active vs sham; 1064 nm; right forehead; 64-ch EEG","Negative=lower tPBM dNP","cohort_id=UTA-1064-EEG-49; 66 correlated effects; companions Wang21/Shahdadian22/Truong23","READY - DIGITIZED UTA NETWORK POWER",0.153724552690844,-0.687440694813584,-0.0848515211864164,"Approximate unadjusted Wald interval; recorded variance assumptions; descriptive only"
"EEG-R212",212,"Wang et al. 2022","Gamma N9 [UTA-W22-GAMMA-48-N09]",-0.3539160091,0.0233601895,"UTA-1064-EEG-49","Wang2022","source network power","gamma","eyes closed","during 4-8 min","study-defined source network","paired sham-subtracted normalized power",1,"Available study-level estimate; source/working assumptions retained",1,1,0,0,0,0,44,,"Fig7 dNP=-8.155%; SEM=3.413%; paired dz -> Hedges g","Included - UTA cohort; multilevel/RVE","Paired randomized-order active vs sham; 1064 nm; right forehead; 64-ch EEG","Negative=lower tPBM dNP","cohort_id=UTA-1064-EEG-49; 66 correlated effects; companions Wang21/Shahdadian22/Truong23","READY - DIGITIZED UTA NETWORK POWER",0.152840405325293,-0.653477698920079,-0.054354319279921,"Approximate unadjusted Wald interval; recorded variance assumptions; descriptive only"
"EEG-R213",213,"Wang et al. 2022","Gamma N9 [UTA-W22-GAMMA-REC-N09]",-0.3726095439,0.0235145228,"UTA-1064-EEG-49","Wang2022","source network power","gamma","eyes closed","recovery","study-defined source network","paired sham-subtracted normalized power",1,"Available study-level estimate; source/working assumptions retained",1,1,0,0,0,0,44,,"Fig7 dNP=-12.679%; SEM=5.040%; paired dz -> Hedges g","Included - UTA cohort; multilevel/RVE","Paired randomized-order active vs sham; 1064 nm; right forehead; 64-ch EEG","Negative=lower tPBM dNP","cohort_id=UTA-1064-EEG-49; 66 correlated effects; companions Wang21/Shahdadian22/Truong23","READY - DIGITIZED UTA NETWORK POWER",0.153344458002238,-0.6731591588132,-0.0720599289867996,"Approximate unadjusted Wald interval; recorded variance assumptions; descriptive only"
"EEG-R214",214,"Wang et al. 2022","Gamma N10 [UTA-W22-GAMMA-04-N10]",-0.2145924043,0.022460114,"UTA-1064-EEG-49","Wang2022","source network power","gamma","eyes closed","during 0-4 min","study-defined source network","paired sham-subtracted normalized power",1,"Available study-level estimate; source/working assumptions retained",1,1,0,0,0,0,44,,"Fig7 dNP=-5.060%; SEM=3.492%; paired dz -> Hedges g","Included - UTA cohort; multilevel/RVE","Paired randomized-order active vs sham; 1064 nm; right forehead; 64-ch EEG","Negative=lower tPBM dNP","cohort_id=UTA-1064-EEG-49; 66 correlated effects; companions Wang21/Shahdadian22/Truong23","READY - DIGITIZED UTA NETWORK POWER",0.14986698769242,-0.508326302648651,0.0791414940486509,"Approximate unadjusted Wald interval; recorded variance assumptions; descriptive only"
"EEG-R215",215,"Wang et al. 2022","Gamma N10 [UTA-W22-GAMMA-48-N10]",-0.3500166453,0.0233289976,"UTA-1064-EEG-49","Wang2022","source network power","gamma","eyes closed","during 4-8 min","study-defined source network","paired sham-subtracted normalized power",1,"Available study-level estimate; source/working assumptions retained",1,1,0,0,0,0,44,,"Fig7 dNP=-9.940%; SEM=4.206%; paired dz -> Hedges g","Included - UTA cohort; multilevel/RVE","Paired randomized-order active vs sham; 1064 nm; right forehead; 64-ch EEG","Negative=lower tPBM dNP","cohort_id=UTA-1064-EEG-49; 66 correlated effects; companions Wang21/Shahdadian22/Truong23","READY - DIGITIZED UTA NETWORK POWER",0.152738330487144,-0.649378272113578,-0.0506550184864218,"Approximate unadjusted Wald interval; recorded variance assumptions; descriptive only"
"EEG-R216",216,"Wang et al. 2022","Gamma N10 [UTA-W22-GAMMA-REC-N10]",-0.2057094944,0.0224176879,"UTA-1064-EEG-49","Wang2022","source network power","gamma","eyes closed","recovery","study-defined source network","paired sham-subtracted normalized power",1,"Available study-level estimate; source/working assumptions retained",1,1,0,0,0,0,44,,"Fig7 dNP=-8.433%; SEM=6.071%; paired dz -> Hedges g","Included - UTA cohort; multilevel/RVE","Paired randomized-order active vs sham; 1064 nm; right forehead; 64-ch EEG","Negative=lower tPBM dNP","cohort_id=UTA-1064-EEG-49; 66 correlated effects; companions Wang21/Shahdadian22/Truong23","READY - DIGITIZED UTA NETWORK POWER",0.149725374936916,-0.499165836848111,0.0877468480481109,"Approximate unadjusted Wald interval; recorded variance assumptions; descriptive only"
"EEG-R217",217,"Wang et al. 2022","Gamma N11 [UTA-W22-GAMMA-04-N11]",-0.2819541143,0.0228402075,"UTA-1064-EEG-49","Wang2022","source network power","gamma","eyes closed","during 0-4 min","study-defined source network","paired sham-subtracted normalized power",1,"Available study-level estimate; source/working assumptions retained",1,1,0,0,0,0,44,,"Fig7 dNP=-8.234%; SEM=4.325%; paired dz -> Hedges g","Included - UTA cohort; multilevel/RVE","Paired randomized-order active vs sham; 1064 nm; right forehead; 64-ch EEG","Negative=lower tPBM dNP","cohort_id=UTA-1064-EEG-49; 66 correlated effects; companions Wang21/Shahdadian22/Truong23","READY - DIGITIZED UTA NETWORK POWER",0.151129770396173,-0.578163021268307,0.0142547926683069,"Approximate unadjusted Wald interval; recorded variance assumptions; descriptive only"
"EEG-R218",218,"Wang et al. 2022","Gamma N11 [UTA-W22-GAMMA-48-N11]",-0.38479776,0.0236194256,"UTA-1064-EEG-49","Wang2022","source network power","gamma","eyes closed","during 4-8 min","study-defined source network","paired sham-subtracted normalized power",1,"Available study-level estimate; source/working assumptions retained",1,1,0,0,0,0,44,,"Fig7 dNP=-15.774%; SEM=6.071%; paired dz -> Hedges g","Included - UTA cohort; multilevel/RVE","Paired randomized-order active vs sham; 1064 nm; right forehead; 64-ch EEG","Negative=lower tPBM dNP","cohort_id=UTA-1064-EEG-49; 66 correlated effects; companions Wang21/Shahdadian22/Truong23","READY - DIGITIZED UTA NETWORK POWER",0.153686126895045,-0.686017033637741,-0.0835784863622585,"Approximate unadjusted Wald interval; recorded variance assumptions; descriptive only"
"EEG-R219",219,"Wang et al. 2022","Gamma N11 [UTA-W22-GAMMA-REC-N11]",-0.2874473332,0.0228757512,"UTA-1064-EEG-49","Wang2022","source network power","gamma","eyes closed","recovery","study-defined source network","paired sham-subtracted normalized power",1,"Available study-level estimate; source/working assumptions retained",1,1,0,0,0,0,44,,"Fig7 dNP=-16.250%; SEM=8.373%; paired dz -> Hedges g","Included - UTA cohort; multilevel/RVE","Paired randomized-order active vs sham; 1064 nm; right forehead; 64-ch EEG","Negative=lower tPBM dNP","cohort_id=UTA-1064-EEG-49; 66 correlated effects; companions Wang21/Shahdadian22/Truong23","READY - DIGITIZED UTA NETWORK POWER",0.15124731799275,-0.583886629224067,0.00899196282406661,"Approximate unadjusted Wald interval; recorded variance assumptions; descriptive only"
"EEG-R220",220,"Bastola et al. 2026","Alpha PTE BA9→BA6",0.6585263158,0.0845172595,"UTSW-1064-MEGEEG-25","Bastola","directional PTE","alpha","eyes open","immediate post","source edge BA9→BA6","author-defined marginal-SD d_av",1,"Available study-level estimate; source/working assumptions retained",1,0,0,0,1,0,25,,"Author d_av → Hedges g; conservative independent-groups working variance","Controlled EEG/MEG connectivity—variance-conservative sensitivity","Counterbalanced single-blind within-subject active/sham","Positive=stronger active directional connectivity","cohort_id=UTSW-1064-MEGEEG-25; five correlated PTE effects; Pruitt 2024 companion; count cohort once","READY—AUTHOR d_av / WORKING VARIANCE",0.290718522801696,0.0887284814699902,1.22832415013001,"Approximate unadjusted Wald interval; recorded variance assumptions; descriptive only"
"EEG-R221",221,"Bastola et al. 2026","Alpha PTE BA6→BA4",0.7166315789,0.0853495919,"UTSW-1064-MEGEEG-25","Bastola","directional PTE","alpha","eyes open","immediate post","source edge BA6→BA4","author-defined marginal-SD d_av",1,"Available study-level estimate; source/working assumptions retained",1,0,0,0,1,0,25,,"Author d_av → Hedges g; conservative independent-groups working variance","Controlled EEG/MEG connectivity—variance-conservative sensitivity","Counterbalanced single-blind within-subject active/sham","Positive=stronger active directional connectivity","cohort_id=UTSW-1064-MEGEEG-25; five correlated PTE effects; Pruitt 2024 companion; count cohort once","READY—AUTHOR d_av / WORKING VARIANCE",0.292146524709776,0.144034912260297,1.2892282455397,"Approximate unadjusted Wald interval; recorded variance assumptions; descriptive only"
"EEG-R222",222,"Bastola et al. 2026","Beta PTE BA6→BA4",0.7941052632,0.086568783,"UTSW-1064-MEGEEG-25","Bastola","directional PTE","beta","eyes open","immediate post","source edge BA6→BA4","author-defined marginal-SD d_av",1,"Available study-level estimate; source/working assumptions retained",1,0,0,0,1,0,25,,"Author d_av → Hedges g; conservative independent-groups working variance","Controlled EEG/MEG connectivity—variance-conservative sensitivity","Counterbalanced single-blind within-subject active/sham","Positive=stronger active directional connectivity","cohort_id=UTSW-1064-MEGEEG-25; five correlated PTE effects; Pruitt 2024 companion; count cohort once","READY—AUTHOR d_av / WORKING VARIANCE",0.294225734768392,0.217433419729118,1.37077710667088,"Approximate unadjusted Wald interval; recorded variance assumptions; descriptive only"
"EEG-R223",223,"Bastola et al. 2026","Beta PTE BA4→BA3",0.4454736842,0.0820671542,"UTSW-1064-MEGEEG-25","Bastola","directional PTE","beta","eyes open","immediate post","source edge BA4→BA3","author-defined marginal-SD d_av",1,"Available study-level estimate; source/working assumptions retained",1,0,0,0,1,0,25,,"Author d_av → Hedges g; conservative independent-groups working variance","Controlled EEG/MEG connectivity—variance-conservative sensitivity","Counterbalanced single-blind within-subject active/sham","Positive=stronger active directional connectivity","cohort_id=UTSW-1064-MEGEEG-25; five correlated PTE effects; Pruitt 2024 companion; count cohort once","READY—AUTHOR d_av / WORKING VARIANCE",0.2864736535879,-0.116004359351887,1.00695172775189,"Approximate unadjusted Wald interval; recorded variance assumptions; descriptive only"
"EEG-R224",224,"Bastola et al. 2026","Beta PTE BA3→BA22",0.5616842105,0.0832863453,"UTSW-1064-MEGEEG-25","Bastola","directional PTE","beta","eyes open","immediate post","source edge BA3→BA22","author-defined marginal-SD d_av",1,"Available study-level estimate; source/working assumptions retained",1,0,0,0,1,0,25,,"Author d_av → Hedges g; conservative independent-groups working variance","Controlled EEG/MEG connectivity—variance-conservative sensitivity","Counterbalanced single-blind within-subject active/sham","Positive=stronger active directional connectivity","cohort_id=UTSW-1064-MEGEEG-25; five correlated PTE effects; Pruitt 2024 companion; count cohort once","READY—AUTHOR d_av / WORKING VARIANCE",0.28859373745804,-0.00394912108156587,1.12731754208157,"Approximate unadjusted Wald interval; recorded variance assumptions; descriptive only"
