effect_id,source_row,study,metric,g,vi,cluster_id,study_key,construct,band,state,timing_group,anatomical_scope,normalization,independent_experiments_in_cluster,quantitative_status,eligible_for_new_pool,digitized,fixed_order,mixed_route,variance_approximation,source_conflict,n_active_or_paired,n_control,source_effect_route,source_tier,source_design,source_direction,source_overlap,source_audit
EEG-R002,2,Zhao C et al. — visual WM/CDA (Sci Adv) 2022,CDA set-size effect,0.5082220213365676,0.025707870436938063,ZHAO-C-2022,Zhao,CDA amplitude set-size contrast,not applicable,task visual working memory,task endpoint,posterior CDA,ERP voltage,2,Available study-level estimate; source/working assumptions retained,1,0,0,0,0,0,41,,Within-paper fixed aggregate,EEG dynamics candidate,Two independent crossover experiments aggregated,Positive=favorable CDA modulation,Independent Exp.1–2; one paper-level effect,READY
EEG-R004,4,Spera et al. 2021,Gamma,0.9490944351926104,0.18934144620811288,SPERA-2021,Spera,scalp spectral power,gamma,eyes open,immediate post,scalp/frontal-central,scalp PSD; normalization not harmonized,1,Available study-level estimate; source/working assumptions retained,1,0,1,0,0,0,8,,Paired t-derived g,High-RoB sensitivity,Fixed-sequence within-subject pilot,Positive=higher active power,Select one condition per model,READY—SENSITIVITY
EEG-R005,5,Spera et al. 2021,Beta,0.9145247703346013,0.18473968253968254,SPERA-2021,Spera,scalp spectral power,beta,eyes open,immediate post,scalp/frontal-central,scalp PSD; normalization not harmonized,1,Available study-level estimate; source/working assumptions retained,1,0,1,0,0,0,8,,Paired t-derived g,High-RoB sensitivity,Fixed-sequence within-subject pilot,Positive=higher active power,Select one condition per model,READY—SENSITIVITY
EEG-R006,6,Spera et al. 2021,Gamma,1.186479780489835,0.26016833198307676,SPERA-2021,Spera,scalp spectral power,gamma,eyes closed,immediate post,scalp/frontal-central,scalp PSD; normalization not harmonized,1,Available study-level estimate; source/working assumptions retained,1,0,1,0,0,0,7,,Paired t-derived g,High-RoB sensitivity,Fixed-sequence within-subject pilot,Positive=higher active power,Alternative condition; not with EO from same sample,READY—SENSITIVITY
EEG-R007,7,Zomorrodi et al. 2019,Delta,-1.504678486583267,0.2628904818885142,ZOMORRODI-2019,Zomorrodi,scalp spectral power,delta,eyes closed,immediate post,19-electrode global,absolute-power post/pre ratio,1,QUARANTINED: source design/statistic conflict,0,0,0,1,0,1,10,10,Independent t-derived g,Mixed-route sensitivity,Parallel randomized double-blind,Negative=lower active power,Transcranial+intranasal; one band per model,READY—SENSITIVITY
EEG-R008,8,Zomorrodi et al. 2019,Theta,-1.6001932325292016,0.2711282883731182,ZOMORRODI-2019,Zomorrodi,scalp spectral power,theta,eyes closed,immediate post,19-electrode global,absolute-power post/pre ratio,1,QUARANTINED: source design/statistic conflict,0,0,0,1,0,1,10,10,Independent t-derived g,Mixed-route sensitivity,Parallel randomized double-blind,Negative=lower active power,Transcranial+intranasal; one band per model,READY—SENSITIVITY
EEG-R009,9,Zomorrodi et al. 2019,Alpha,1.9081533326867222,0.30114025391787347,ZOMORRODI-2019,Zomorrodi,scalp spectral power,alpha,eyes closed,immediate post,19-electrode global,absolute-power post/pre ratio,1,QUARANTINED: source design/statistic conflict,0,0,0,1,0,1,10,10,Independent t-derived g,Mixed-route sensitivity,Parallel randomized double-blind,Positive=higher active power,Transcranial+intranasal; one band per model,READY—SENSITIVITY
EEG-R010,10,Zomorrodi et al. 2019,Beta,1.3796098506361238,0.25287009277700634,ZOMORRODI-2019,Zomorrodi,scalp spectral power,beta,eyes closed,immediate post,19-electrode global,absolute-power post/pre ratio,1,QUARANTINED: source design/statistic conflict,0,0,0,1,0,1,10,10,Independent t-derived g,Mixed-route sensitivity,Parallel randomized double-blind,Positive=higher active power,Transcranial+intranasal; one band per model,READY—SENSITIVITY
EEG-R011,11,Zomorrodi et al. 2019,Gamma,1.1384672409161183,0.23600299051775442,ZOMORRODI-2019,Zomorrodi,scalp spectral power,gamma,eyes closed,immediate post,19-electrode global,absolute-power post/pre ratio,1,QUARANTINED: source design/statistic conflict,0,0,0,1,0,1,10,10,Independent t-derived g,Mixed-route sensitivity,Parallel randomized double-blind,Positive=higher active power,Transcranial+intranasal; one band per model,READY—SENSITIVITY
EEG-R016,16,Mehdizadeh et al. 2025,Absolute delta power — Fp1,-1.4279120663665306,0.1697428488561036,MEHDIZADEH-2025,Mehdizadeh,scalp spectral power,delta,not verified in this snapshot,1-week post,Fp1,absolute delta power,1,Available study-level estimate; source/working assumptions retained,1,0,0,0,0,0,15,15,Independent post-treatment SMD from adjusted means±SD,EEG dynamics candidate—controlled spectral,Parallel double-blind randomized sham-controlled RCT,Negative=lower active delta power,Independent; Fp1 selected as first-listed frontal site to avoid outcome cherry-picking; other frontal sites are dependent outcomes,READY
EEG-R018,18,He et al. 2026,Microstate C duration/network metrics,0.5932067256,0.03871115572,HE-2026,He,microstate C mean duration,not applicable,eyes closed,immediate post,whole-scalp microstate,relative change; paired dz,1,Available study-level estimate; source/working assumptions retained,1,0,0,0,0,0,29,29,Author raw paired PW-vs-sham relative-change data; dz → Hedges g,Pooling-ready effect—no eligible microstate stratum,Randomized single-blind crossover,Positive = greater PW microstate C mean-duration relative change,Independent study; author supplied complete paired data on 2026-08-16,READY EFFECT—NO ELIGIBLE k≥3 STRATUM
EEG-R021,21,Wang et al. 2019,Alpha / nominal Fp2,1.4157480315,0.1434724286,WANG-2019,Wang2019,scalp spectral power,alpha,eyes open,during T8,nominal Fp2,baseline-normalized scalp PSD,1,Available study-level estimate; source/working assumptions retained,1,1,1,0,1,0,17,,Fig. 4 Cohen-d map digitization at prespecified Fp2/T8 → Hedges g; conservative independent-groups variance,Fixed-order high-RoB sensitivity—multilevel/RVE quantitative,"Within-subject sham-controlled; sham first, active second same day",Positive=higher tPBM alpha power,Independent earlier n=17 cohort; distinct from cohort_id=UTA-1064-EEG-49 (Wang 2021/Shahdadian 2022/Wang 2022/Truong 2023),READY—FIXED-ORDER SENSITIVITY
EEG-R023,23,Chaudhari et al. 2023,Delta / network 1,1.05689324,0.28989369,CHAUDHARI-2023,Chaudhari,source network power,delta,rest/task combined by source analysis,repeated treatment TP1,study-defined source network,S8-S1 normalized network power,1,Available study-level estimate; source/working assumptions retained,1,1,0,0,1,0,8,8,Figure mean±SEM digitization → Hedges g,Controlled EEG—multilevel/RVE quantitative (digitized),Parallel randomized sham-controlled repeated-treatment RCT,Positive=higher tPBM ΔnP than sham,Independent cohort; 120 correlated network×band×TP effects. Cluster/nest within Chaudhari 2023. Working n=8/arm; test 7/9 sensitivity because S1/S8 usable samples differ. CSV: https://drive.google.com/file/d/19tts8xMvI0E5SrzVkTSORZIW6HtpORae/view,READY—DIGITIZED NETWORK POWER
EEG-R025,25,Ghaderi et al. 2021,Beta2 / clustering coefficient,-0.7736392548,0.1153583184,GHADERI-2021,Ghaderi,graph clustering coefficient,beta2,rest; eye state not verified,immediate post,global graph,post/pre relative change,1,Available study-level estimate; source/working assumptions retained,1,0,0,0,0,0,19,17,Reported permutation t → independent-groups Hedges g,Controlled EEG—multilevel/RVE quantitative,Parallel randomized sham-controlled pre-post,Negative: test group lower than sham,Independent cohort; eight correlated global graph effects from the same study. Cluster by study / model dependence; do not treat as eight independent studies.,READY—NETWORK/TOPOLOGY
EEG-R027,27,Ghaderi et al. 2021,Beta2 / local efficiency,-0.7573177516,0.1149908549,GHADERI-2021,Ghaderi,graph local efficiency,beta2,rest; eye state not verified,immediate post,global graph,post/pre relative change,1,Available study-level estimate; source/working assumptions retained,1,0,0,0,0,0,19,17,Reported permutation t → independent-groups Hedges g,Controlled EEG—multilevel/RVE quantitative,Parallel randomized sham-controlled pre-post,Negative: test group lower than sham,Independent cohort; eight correlated global graph effects from the same study. Cluster by study / model dependence; do not treat as eight independent studies.,READY—NETWORK/TOPOLOGY
EEG-R028,28,Ghaderi et al. 2021,Beta2 / graph energy,-0.5386096078,0.1108227686,GHADERI-2021,Ghaderi,graph graph energy,beta2,rest; eye state not verified,immediate post,global graph,post/pre relative change,1,Available study-level estimate; source/working assumptions retained,1,0,0,0,0,0,19,17,Reported permutation t → independent-groups Hedges g,Controlled EEG—multilevel/RVE quantitative,Parallel randomized sham-controlled pre-post,Negative: test group lower than sham,Independent cohort; eight correlated global graph effects from the same study. Cluster by study / model dependence; do not treat as eight independent studies.,READY—NETWORK/TOPOLOGY
EEG-R029,29,Ghaderi et al. 2021,Beta2 / Shannon entropy,0.5875741176,0.1116336955,GHADERI-2021,Ghaderi,graph Shannon entropy,beta2,rest; eye state not verified,immediate post,global graph,post/pre relative change,1,Available study-level estimate; source/working assumptions retained,1,0,0,0,0,0,19,17,Reported permutation t → independent-groups Hedges g,Controlled EEG—multilevel/RVE quantitative,Parallel randomized sham-controlled pre-post,Positive: test group higher than sham,Independent cohort; eight correlated global graph effects from the same study. Cluster by study / model dependence; do not treat as eight independent studies.,READY—NETWORK/TOPOLOGY
EEG-R030,30,Ghaderi et al. 2021,Beta4 / global efficiency,-0.6822388365,0.113401438,GHADERI-2021,Ghaderi,graph global efficiency,beta4,rest; eye state not verified,immediate post,global graph,post/pre relative change,1,Available study-level estimate; source/working assumptions retained,1,0,0,0,0,0,19,17,Reported permutation t → independent-groups Hedges g,Controlled EEG—multilevel/RVE quantitative,Parallel randomized sham-controlled pre-post,Negative: test group lower than sham,Independent cohort; eight correlated global graph effects from the same study. Cluster by study / model dependence; do not treat as eight independent studies.,READY—NETWORK/TOPOLOGY
EEG-R031,31,Ghaderi et al. 2021,Beta4 / local efficiency,-0.639802928,0.1125764079,GHADERI-2021,Ghaderi,graph local efficiency,beta4,rest; eye state not verified,immediate post,global graph,post/pre relative change,1,Available study-level estimate; source/working assumptions retained,1,0,0,0,0,0,19,17,Reported permutation t → independent-groups Hedges g,Controlled EEG—multilevel/RVE quantitative,Parallel randomized sham-controlled pre-post,Negative: test group lower than sham,Independent cohort; eight correlated global graph effects from the same study. Cluster by study / model dependence; do not treat as eight independent studies.,READY—NETWORK/TOPOLOGY
EEG-R032,32,Ghaderi et al. 2021,Beta4 / graph energy,-0.6430672287,0.1126379914,GHADERI-2021,Ghaderi,graph graph energy,beta4,rest; eye state not verified,immediate post,global graph,post/pre relative change,1,Available study-level estimate; source/working assumptions retained,1,0,0,0,0,0,19,17,Reported permutation t → independent-groups Hedges g,Controlled EEG—multilevel/RVE quantitative,Parallel randomized sham-controlled pre-post,Negative: test group lower than sham,Independent cohort; eight correlated global graph effects from the same study. Cluster by study / model dependence; do not treat as eight independent studies.,READY—NETWORK/TOPOLOGY
EEG-R033,33,Ghaderi et al. 2021,Beta4 / Shannon entropy,0.7050889411,0.1138676231,GHADERI-2021,Ghaderi,graph Shannon entropy,beta4,rest; eye state not verified,immediate post,global graph,post/pre relative change,1,Available study-level estimate; source/working assumptions retained,1,0,0,0,0,0,19,17,Reported permutation t → independent-groups Hedges g,Controlled EEG—multilevel/RVE quantitative,Parallel randomized sham-controlled pre-post,Positive: test group higher than sham,Independent cohort; eight correlated global graph effects from the same study. Cluster by study / model dependence; do not treat as eight independent studies.,READY—NETWORK/TOPOLOGY
EEG-R034,34,Chaudhari et al. 2023,Delta N2 [CHA-NP-TP1-DELTA-N02],2.253087672,0.4313001449,CHAUDHARI-2023,Chaudhari,source network power,delta,rest/task combined by source analysis,repeated treatment TP1,study-defined source network,S8-S1 normalized network power,1,Available study-level estimate; source/working assumptions retained,1,1,0,0,1,0,,,,,,Positive=higher tPBM ΔnP,Same independent Chaudhari cohort; correlated effect; n=8/arm working assumption.,READY—DIGITIZED NETWORK POWER
EEG-R035,35,Chaudhari et al. 2023,Delta N3 [CHA-NP-TP1-DELTA-N03],2.589408969,0.4894656717,CHAUDHARI-2023,Chaudhari,source network power,delta,rest/task combined by source analysis,repeated treatment TP1,study-defined source network,S8-S1 normalized network power,1,Available study-level estimate; source/working assumptions retained,1,1,0,0,1,0,,,,,,Positive=higher tPBM ΔnP,Same independent Chaudhari cohort; correlated effect; n=8/arm working assumption.,READY—DIGITIZED NETWORK POWER
EEG-R036,36,Chaudhari et al. 2023,Delta N4 [CHA-NP-TP1-DELTA-N04],0.9479507994,0.2820932399,CHAUDHARI-2023,Chaudhari,source network power,delta,rest/task combined by source analysis,repeated treatment TP1,study-defined source network,S8-S1 normalized network power,1,Available study-level estimate; source/working assumptions retained,1,1,0,0,1,0,,,,,,Positive=higher tPBM ΔnP,Same independent Chaudhari cohort; correlated effect; n=8/arm working assumption.,READY—DIGITIZED NETWORK POWER
EEG-R037,37,Chaudhari et al. 2023,Delta N5 [CHA-NP-TP1-DELTA-N05],-0.07492054598,0.2502004674,CHAUDHARI-2023,Chaudhari,source network power,delta,rest/task combined by source analysis,repeated treatment TP1,study-defined source network,S8-S1 normalized network power,1,Available study-level estimate; source/working assumptions retained,1,1,0,0,1,0,,,,,,Negative=lower tPBM ΔnP,Same independent Chaudhari cohort; correlated effect; n=8/arm working assumption.,READY—DIGITIZED NETWORK POWER
EEG-R038,38,Chaudhari et al. 2023,Delta N6 [CHA-NP-TP1-DELTA-N06],1.188185492,0.3004208844,CHAUDHARI-2023,Chaudhari,source network power,delta,rest/task combined by source analysis,repeated treatment TP1,study-defined source network,S8-S1 normalized network power,1,Available study-level estimate; source/working assumptions retained,1,1,0,0,1,0,,,,,,Positive=higher tPBM ΔnP,Same independent Chaudhari cohort; correlated effect; n=8/arm working assumption.,READY—DIGITIZED NETWORK POWER
EEG-R039,39,Chaudhari et al. 2023,Delta N7 [CHA-NP-TP1-DELTA-N07],-0.5048791053,0.2591036754,CHAUDHARI-2023,Chaudhari,source network power,delta,rest/task combined by source analysis,repeated treatment TP1,study-defined source network,S8-S1 normalized network power,1,Available study-level estimate; source/working assumptions retained,1,1,0,0,1,0,,,,,,Negative=lower tPBM ΔnP,Same independent Chaudhari cohort; correlated effect; n=8/arm working assumption.,READY—DIGITIZED NETWORK POWER
EEG-R040,40,Chaudhari et al. 2023,Delta N8 [CHA-NP-TP1-DELTA-N08],-0.3285725646,0.2538557118,CHAUDHARI-2023,Chaudhari,source network power,delta,rest/task combined by source analysis,repeated treatment TP1,study-defined source network,S8-S1 normalized network power,1,Available study-level estimate; source/working assumptions retained,1,1,0,0,1,0,,,,,,Negative=lower tPBM ΔnP,Same independent Chaudhari cohort; correlated effect; n=8/arm working assumption.,READY—DIGITIZED NETWORK POWER
EEG-R041,41,Chaudhari et al. 2023,Delta N9 [CHA-NP-TP1-DELTA-N09],1.656130522,0.3479560109,CHAUDHARI-2023,Chaudhari,source network power,delta,rest/task combined by source analysis,repeated treatment TP1,study-defined source network,S8-S1 normalized network power,1,Available study-level estimate; source/working assumptions retained,1,1,0,0,1,0,,,,,,Positive=higher tPBM ΔnP,Same independent Chaudhari cohort; correlated effect; n=8/arm working assumption.,READY—DIGITIZED NETWORK POWER
EEG-R042,42,Chaudhari et al. 2023,Delta N10 [CHA-NP-TP1-DELTA-N10],1.846634869,0.3717878693,CHAUDHARI-2023,Chaudhari,source network power,delta,rest/task combined by source analysis,repeated treatment TP1,study-defined source network,S8-S1 normalized network power,1,Available study-level estimate; source/working assumptions retained,1,1,0,0,1,0,,,,,,Positive=higher tPBM ΔnP,Same independent Chaudhari cohort; correlated effect; n=8/arm working assumption.,READY—DIGITIZED NETWORK POWER
EEG-R043,43,Chaudhari et al. 2023,Delta N11 [CHA-NP-TP1-DELTA-N11],1.530689344,0.3336789238,CHAUDHARI-2023,Chaudhari,source network power,delta,rest/task combined by source analysis,repeated treatment TP1,study-defined source network,S8-S1 normalized network power,1,Available study-level estimate; source/working assumptions retained,1,1,0,0,1,0,,,,,,Positive=higher tPBM ΔnP,Same independent Chaudhari cohort; correlated effect; n=8/arm working assumption.,READY—DIGITIZED NETWORK POWER
EEG-R044,44,Chaudhari et al. 2023,Delta N12 [CHA-NP-TP1-DELTA-N12],-1.547352259,0.3355106791,CHAUDHARI-2023,Chaudhari,source network power,delta,rest/task combined by source analysis,repeated treatment TP1,study-defined source network,S8-S1 normalized network power,1,Available study-level estimate; source/working assumptions retained,1,1,0,0,1,0,,,,,,Negative=lower tPBM ΔnP,Same independent Chaudhari cohort; correlated effect; n=8/arm working assumption.,READY—DIGITIZED NETWORK POWER
EEG-R045,45,Chaudhari et al. 2023,Theta N1 [CHA-NP-TP1-THETA-N01],1.345938646,0.3146982442,CHAUDHARI-2023,Chaudhari,source network power,theta,rest/task combined by source analysis,repeated treatment TP1,study-defined source network,S8-S1 normalized network power,1,Available study-level estimate; source/working assumptions retained,1,1,0,0,1,0,,,,,,Positive=higher tPBM ΔnP,Same independent Chaudhari cohort; correlated effect; n=8/arm working assumption.,READY—DIGITIZED NETWORK POWER
EEG-R046,46,Chaudhari et al. 2023,Theta N2 [CHA-NP-TP1-THETA-N02],2.19522434,0.4221074965,CHAUDHARI-2023,Chaudhari,source network power,theta,rest/task combined by source analysis,repeated treatment TP1,study-defined source network,S8-S1 normalized network power,1,Available study-level estimate; source/working assumptions retained,1,1,0,0,1,0,,,,,,Positive=higher tPBM ΔnP,Same independent Chaudhari cohort; correlated effect; n=8/arm working assumption.,READY—DIGITIZED NETWORK POWER
EEG-R047,47,Chaudhari et al. 2023,Theta N3 [CHA-NP-TP1-THETA-N03],3.634951534,0.7218883091,CHAUDHARI-2023,Chaudhari,source network power,theta,rest/task combined by source analysis,repeated treatment TP1,study-defined source network,S8-S1 normalized network power,1,Available study-level estimate; source/working assumptions retained,1,1,0,0,1,0,,,,,,Positive=higher tPBM ΔnP,Same independent Chaudhari cohort; correlated effect; n=8/arm working assumption.,READY—DIGITIZED NETWORK POWER
EEG-R048,48,Chaudhari et al. 2023,Theta N4 [CHA-NP-TP1-THETA-N04],1.319680505,0.3121984512,CHAUDHARI-2023,Chaudhari,source network power,theta,rest/task combined by source analysis,repeated treatment TP1,study-defined source network,S8-S1 normalized network power,1,Available study-level estimate; source/working assumptions retained,1,1,0,0,1,0,,,,,,Positive=higher tPBM ΔnP,Same independent Chaudhari cohort; correlated effect; n=8/arm working assumption.,READY—DIGITIZED NETWORK POWER
EEG-R049,49,Chaudhari et al. 2023,Theta N5 [CHA-NP-TP1-THETA-N05],1.079620546,0.2916278758,CHAUDHARI-2023,Chaudhari,source network power,theta,rest/task combined by source analysis,repeated treatment TP1,study-defined source network,S8-S1 normalized network power,1,Available study-level estimate; source/working assumptions retained,1,1,0,0,1,0,,,,,,Positive=higher tPBM ΔnP,Same independent Chaudhari cohort; correlated effect; n=8/arm working assumption.,READY—DIGITIZED NETWORK POWER
EEG-R050,50,Chaudhari et al. 2023,Theta N6 [CHA-NP-TP1-THETA-N06],1.600286644,0.3414613337,CHAUDHARI-2023,Chaudhari,source network power,theta,rest/task combined by source analysis,repeated treatment TP1,study-defined source network,S8-S1 normalized network power,1,Available study-level estimate; source/working assumptions retained,1,1,0,0,1,0,,,,,,Positive=higher tPBM ΔnP,Same independent Chaudhari cohort; correlated effect; n=8/arm working assumption.,READY—DIGITIZED NETWORK POWER
EEG-R051,51,Chaudhari et al. 2023,Theta N7 [CHA-NP-TP1-THETA-N07],-0.8127977099,0.2735942899,CHAUDHARI-2023,Chaudhari,source network power,theta,rest/task combined by source analysis,repeated treatment TP1,study-defined source network,S8-S1 normalized network power,1,Available study-level estimate; source/working assumptions retained,1,1,0,0,1,0,,,,,,Negative=lower tPBM ΔnP,Same independent Chaudhari cohort; correlated effect; n=8/arm working assumption.,READY—DIGITIZED NETWORK POWER
EEG-R052,52,Chaudhari et al. 2023,Theta N8 [CHA-NP-TP1-THETA-N08],1.677709679,0.3505253489,CHAUDHARI-2023,Chaudhari,source network power,theta,rest/task combined by source analysis,repeated treatment TP1,study-defined source network,S8-S1 normalized network power,1,Available study-level estimate; source/working assumptions retained,1,1,0,0,1,0,,,,,,Positive=higher tPBM ΔnP,Same independent Chaudhari cohort; correlated effect; n=8/arm working assumption.,READY—DIGITIZED NETWORK POWER
EEG-R053,53,Chaudhari et al. 2023,Theta N9 [CHA-NP-TP1-THETA-N09],1.847784097,0.3719395025,CHAUDHARI-2023,Chaudhari,source network power,theta,rest/task combined by source analysis,repeated treatment TP1,study-defined source network,S8-S1 normalized network power,1,Available study-level estimate; source/working assumptions retained,1,1,0,0,1,0,,,,,,Positive=higher tPBM ΔnP,Same independent Chaudhari cohort; correlated effect; n=8/arm working assumption.,READY—DIGITIZED NETWORK POWER
EEG-R054,54,Chaudhari et al. 2023,Theta N10 [CHA-NP-TP1-THETA-N10],2.466655645,0.4672996454,CHAUDHARI-2023,Chaudhari,source network power,theta,rest/task combined by source analysis,repeated treatment TP1,study-defined source network,S8-S1 normalized network power,1,Available study-level estimate; source/working assumptions retained,1,1,0,0,1,0,,,,,,Positive=higher tPBM ΔnP,Same independent Chaudhari cohort; correlated effect; n=8/arm working assumption.,READY—DIGITIZED NETWORK POWER
EEG-R055,55,Chaudhari et al. 2023,Theta N11 [CHA-NP-TP1-THETA-N11],2.602514227,0.4918957251,CHAUDHARI-2023,Chaudhari,source network power,theta,rest/task combined by source analysis,repeated treatment TP1,study-defined source network,S8-S1 normalized network power,1,Available study-level estimate; source/working assumptions retained,1,1,0,0,1,0,,,,,,Positive=higher tPBM ΔnP,Same independent Chaudhari cohort; correlated effect; n=8/arm working assumption.,READY—DIGITIZED NETWORK POWER
EEG-R056,56,Chaudhari et al. 2023,Theta N12 [CHA-NP-TP1-THETA-N12],1.142176401,0.2965916761,CHAUDHARI-2023,Chaudhari,source network power,theta,rest/task combined by source analysis,repeated treatment TP1,study-defined source network,S8-S1 normalized network power,1,Available study-level estimate; source/working assumptions retained,1,1,0,0,1,0,,,,,,Positive=higher tPBM ΔnP,Same independent Chaudhari cohort; correlated effect; n=8/arm working assumption.,READY—DIGITIZED NETWORK POWER
EEG-R057,57,Chaudhari et al. 2023,Alpha N1 [CHA-NP-TP1-ALPHA-N01],0.3087232754,0.2534039307,CHAUDHARI-2023,Chaudhari,source network power,alpha,rest/task combined by source analysis,repeated treatment TP1,study-defined source network,S8-S1 normalized network power,1,Available study-level estimate; source/working assumptions retained,1,1,0,0,1,0,,,,,,Positive=higher tPBM ΔnP,Same independent Chaudhari cohort; correlated effect; n=8/arm working assumption.,READY—DIGITIZED NETWORK POWER
EEG-R058,58,Chaudhari et al. 2023,Alpha N2 [CHA-NP-TP1-ALPHA-N02],2.891030919,0.5485021347,CHAUDHARI-2023,Chaudhari,source network power,alpha,rest/task combined by source analysis,repeated treatment TP1,study-defined source network,S8-S1 normalized network power,1,Available study-level estimate; source/working assumptions retained,1,1,0,0,1,0,,,,,,Positive=higher tPBM ΔnP,Same independent Chaudhari cohort; correlated effect; n=8/arm working assumption.,READY—DIGITIZED NETWORK POWER
EEG-R059,59,Chaudhari et al. 2023,Alpha N3 [CHA-NP-TP1-ALPHA-N03],1.808268418,0.3667798097,CHAUDHARI-2023,Chaudhari,source network power,alpha,rest/task combined by source analysis,repeated treatment TP1,study-defined source network,S8-S1 normalized network power,1,Available study-level estimate; source/working assumptions retained,1,1,0,0,1,0,,,,,,Positive=higher tPBM ΔnP,Same independent Chaudhari cohort; correlated effect; n=8/arm working assumption.,READY—DIGITIZED NETWORK POWER
EEG-R060,60,Chaudhari et al. 2023,Alpha N4 [CHA-NP-TP1-ALPHA-N04],0.6375547628,0.2645170027,CHAUDHARI-2023,Chaudhari,source network power,alpha,rest/task combined by source analysis,repeated treatment TP1,study-defined source network,S8-S1 normalized network power,1,Available study-level estimate; source/working assumptions retained,1,1,0,0,1,0,,,,,,Positive=higher tPBM ΔnP,Same independent Chaudhari cohort; correlated effect; n=8/arm working assumption.,READY—DIGITIZED NETWORK POWER
EEG-R061,61,Chaudhari et al. 2023,Alpha N5 [CHA-NP-TP1-ALPHA-N05],0.9898977345,0.2849963402,CHAUDHARI-2023,Chaudhari,source network power,alpha,rest/task combined by source analysis,repeated treatment TP1,study-defined source network,S8-S1 normalized network power,1,Available study-level estimate; source/working assumptions retained,1,1,0,0,1,0,,,,,,Positive=higher tPBM ΔnP,Same independent Chaudhari cohort; correlated effect; n=8/arm working assumption.,READY—DIGITIZED NETWORK POWER
EEG-R062,62,Chaudhari et al. 2023,Alpha N6 [CHA-NP-TP1-ALPHA-N06],0.5326334205,0.2601320843,CHAUDHARI-2023,Chaudhari,source network power,alpha,rest/task combined by source analysis,repeated treatment TP1,study-defined source network,S8-S1 normalized network power,1,Available study-level estimate; source/working assumptions retained,1,1,0,0,1,0,,,,,,Positive=higher tPBM ΔnP,Same independent Chaudhari cohort; correlated effect; n=8/arm working assumption.,READY—DIGITIZED NETWORK POWER
EEG-R063,63,Chaudhari et al. 2023,Alpha N7 [CHA-NP-TP1-ALPHA-N07],-0.2112267863,0.2515934555,CHAUDHARI-2023,Chaudhari,source network power,alpha,rest/task combined by source analysis,repeated treatment TP1,study-defined source network,S8-S1 normalized network power,1,Available study-level estimate; source/working assumptions retained,1,1,0,0,1,0,,,,,,Negative=lower tPBM ΔnP,Same independent Chaudhari cohort; correlated effect; n=8/arm working assumption.,READY—DIGITIZED NETWORK POWER
EEG-R064,64,Chaudhari et al. 2023,Alpha N8 [CHA-NP-TP1-ALPHA-N08],0.6189884674,0.2636838115,CHAUDHARI-2023,Chaudhari,source network power,alpha,rest/task combined by source analysis,repeated treatment TP1,study-defined source network,S8-S1 normalized network power,1,Available study-level estimate; source/working assumptions retained,1,1,0,0,1,0,,,,,,Positive=higher tPBM ΔnP,Same independent Chaudhari cohort; correlated effect; n=8/arm working assumption.,READY—DIGITIZED NETWORK POWER
EEG-R065,65,Chaudhari et al. 2023,Alpha N9 [CHA-NP-TP1-ALPHA-N09],3.389658332,0.6603494145,CHAUDHARI-2023,Chaudhari,source network power,alpha,rest/task combined by source analysis,repeated treatment TP1,study-defined source network,S8-S1 normalized network power,1,Available study-level estimate; source/working assumptions retained,1,1,0,0,1,0,,,,,,Positive=higher tPBM ΔnP,Same independent Chaudhari cohort; correlated effect; n=8/arm working assumption.,READY—DIGITIZED NETWORK POWER
EEG-R066,66,Chaudhari et al. 2023,Alpha N10 [CHA-NP-TP1-ALPHA-N10],1.664740049,0.3489771225,CHAUDHARI-2023,Chaudhari,source network power,alpha,rest/task combined by source analysis,repeated treatment TP1,study-defined source network,S8-S1 normalized network power,1,Available study-level estimate; source/working assumptions retained,1,1,0,0,1,0,,,,,,Positive=higher tPBM ΔnP,Same independent Chaudhari cohort; correlated effect; n=8/arm working assumption.,READY—DIGITIZED NETWORK POWER
EEG-R067,67,Chaudhari et al. 2023,Alpha N11 [CHA-NP-TP1-ALPHA-N11],1.661792768,0.3486269715,CHAUDHARI-2023,Chaudhari,source network power,alpha,rest/task combined by source analysis,repeated treatment TP1,study-defined source network,S8-S1 normalized network power,1,Available study-level estimate; source/working assumptions retained,1,1,0,0,1,0,,,,,,Positive=higher tPBM ΔnP,Same independent Chaudhari cohort; correlated effect; n=8/arm working assumption.,READY—DIGITIZED NETWORK POWER
EEG-R068,68,Chaudhari et al. 2023,Alpha N12 [CHA-NP-TP1-ALPHA-N12],1.004862706,0.2860624663,CHAUDHARI-2023,Chaudhari,source network power,alpha,rest/task combined by source analysis,repeated treatment TP1,study-defined source network,S8-S1 normalized network power,1,Available study-level estimate; source/working assumptions retained,1,1,0,0,1,0,,,,,,Positive=higher tPBM ΔnP,Same independent Chaudhari cohort; correlated effect; n=8/arm working assumption.,READY—DIGITIZED NETWORK POWER
EEG-R069,69,Chaudhari et al. 2023,Beta N1 [CHA-NP-TP1-BETA-N01],0.5742050341,0.2617754079,CHAUDHARI-2023,Chaudhari,source network power,beta,rest/task combined by source analysis,repeated treatment TP1,study-defined source network,S8-S1 normalized network power,1,Available study-level estimate; source/working assumptions retained,1,1,0,0,1,0,,,,,,Positive=higher tPBM ΔnP,Same independent Chaudhari cohort; correlated effect; n=8/arm working assumption.,READY—DIGITIZED NETWORK POWER
EEG-R070,70,Chaudhari et al. 2023,Beta N2 [CHA-NP-TP1-BETA-N02],1.98824542,0.3911828519,CHAUDHARI-2023,Chaudhari,source network power,beta,rest/task combined by source analysis,repeated treatment TP1,study-defined source network,S8-S1 normalized network power,1,Available study-level estimate; source/working assumptions retained,1,1,0,0,1,0,,,,,,Positive=higher tPBM ΔnP,Same independent Chaudhari cohort; correlated effect; n=8/arm working assumption.,READY—DIGITIZED NETWORK POWER
EEG-R071,71,Chaudhari et al. 2023,Beta N3 [CHA-NP-TP1-BETA-N03],2.560206432,0.4840948919,CHAUDHARI-2023,Chaudhari,source network power,beta,rest/task combined by source analysis,repeated treatment TP1,study-defined source network,S8-S1 normalized network power,1,Available study-level estimate; source/working assumptions retained,1,1,0,0,1,0,,,,,,Positive=higher tPBM ΔnP,Same independent Chaudhari cohort; correlated effect; n=8/arm working assumption.,READY—DIGITIZED NETWORK POWER
EEG-R072,72,Chaudhari et al. 2023,Beta N4 [CHA-NP-TP1-BETA-N04],1.439756161,0.3240320644,CHAUDHARI-2023,Chaudhari,source network power,beta,rest/task combined by source analysis,repeated treatment TP1,study-defined source network,S8-S1 normalized network power,1,Available study-level estimate; source/working assumptions retained,1,1,0,0,1,0,,,,,,Positive=higher tPBM ΔnP,Same independent Chaudhari cohort; correlated effect; n=8/arm working assumption.,READY—DIGITIZED NETWORK POWER
EEG-R073,73,Chaudhari et al. 2023,Beta N5 [CHA-NP-TP1-BETA-N05],0.3531266771,0.2544535161,CHAUDHARI-2023,Chaudhari,source network power,beta,rest/task combined by source analysis,repeated treatment TP1,study-defined source network,S8-S1 normalized network power,1,Available study-level estimate; source/working assumptions retained,1,1,0,0,1,0,,,,,,Positive=higher tPBM ΔnP,Same independent Chaudhari cohort; correlated effect; n=8/arm working assumption.,READY—DIGITIZED NETWORK POWER
EEG-R074,74,Chaudhari et al. 2023,Beta N6 [CHA-NP-TP1-BETA-N06],1.005038576,0.2860750907,CHAUDHARI-2023,Chaudhari,source network power,beta,rest/task combined by source analysis,repeated treatment TP1,study-defined source network,S8-S1 normalized network power,1,Available study-level estimate; source/working assumptions retained,1,1,0,0,1,0,,,,,,Positive=higher tPBM ΔnP,Same independent Chaudhari cohort; correlated effect; n=8/arm working assumption.,READY—DIGITIZED NETWORK POWER
EEG-R075,75,Chaudhari et al. 2023,Beta N7 [CHA-NP-TP1-BETA-N07],-0.2381796497,0.2520260552,CHAUDHARI-2023,Chaudhari,source network power,beta,rest/task combined by source analysis,repeated treatment TP1,study-defined source network,S8-S1 normalized network power,1,Available study-level estimate; source/working assumptions retained,1,1,0,0,1,0,,,,,,Negative=lower tPBM ΔnP,Same independent Chaudhari cohort; correlated effect; n=8/arm working assumption.,READY—DIGITIZED NETWORK POWER
EEG-R076,76,Chaudhari et al. 2023,Beta N8 [CHA-NP-TP1-BETA-N08],-0.1318739743,0.250621098,CHAUDHARI-2023,Chaudhari,source network power,beta,rest/task combined by source analysis,repeated treatment TP1,study-defined source network,S8-S1 normalized network power,1,Available study-level estimate; source/working assumptions retained,1,1,0,0,1,0,,,,,,Negative=lower tPBM ΔnP,Same independent Chaudhari cohort; correlated effect; n=8/arm working assumption.,READY—DIGITIZED NETWORK POWER
EEG-R077,77,Chaudhari et al. 2023,Beta N9 [CHA-NP-TP1-BETA-N09],2.348759113,0.4470239061,CHAUDHARI-2023,Chaudhari,source network power,beta,rest/task combined by source analysis,repeated treatment TP1,study-defined source network,S8-S1 normalized network power,1,Available study-level estimate; source/working assumptions retained,1,1,0,0,1,0,,,,,,Positive=higher tPBM ΔnP,Same independent Chaudhari cohort; correlated effect; n=8/arm working assumption.,READY—DIGITIZED NETWORK POWER
EEG-R078,78,Chaudhari et al. 2023,Beta N10 [CHA-NP-TP1-BETA-N10],2.517994671,0.4764391844,CHAUDHARI-2023,Chaudhari,source network power,beta,rest/task combined by source analysis,repeated treatment TP1,study-defined source network,S8-S1 normalized network power,1,Available study-level estimate; source/working assumptions retained,1,1,0,0,1,0,,,,,,Positive=higher tPBM ΔnP,Same independent Chaudhari cohort; correlated effect; n=8/arm working assumption.,READY—DIGITIZED NETWORK POWER
EEG-R079,79,Chaudhari et al. 2023,Beta N11 [CHA-NP-TP1-BETA-N11],3.100884807,0.5934102352,CHAUDHARI-2023,Chaudhari,source network power,beta,rest/task combined by source analysis,repeated treatment TP1,study-defined source network,S8-S1 normalized network power,1,Available study-level estimate; source/working assumptions retained,1,1,0,0,1,0,,,,,,Positive=higher tPBM ΔnP,Same independent Chaudhari cohort; correlated effect; n=8/arm working assumption.,READY—DIGITIZED NETWORK POWER
EEG-R080,80,Chaudhari et al. 2023,Beta N12 [CHA-NP-TP1-BETA-N12],1.513457092,0.3318054418,CHAUDHARI-2023,Chaudhari,source network power,beta,rest/task combined by source analysis,repeated treatment TP1,study-defined source network,S8-S1 normalized network power,1,Available study-level estimate; source/working assumptions retained,1,1,0,0,1,0,,,,,,Positive=higher tPBM ΔnP,Same independent Chaudhari cohort; correlated effect; n=8/arm working assumption.,READY—DIGITIZED NETWORK POWER
EEG-R081,81,Chaudhari et al. 2023,Gamma N1 [CHA-NP-TP1-GAMMA-N01],1.236452158,0.3046004978,CHAUDHARI-2023,Chaudhari,source network power,gamma,rest/task combined by source analysis,repeated treatment TP1,study-defined source network,S8-S1 normalized network power,1,Available study-level estimate; source/working assumptions retained,1,1,0,0,1,0,,,,,,Positive=higher tPBM ΔnP,Same independent Chaudhari cohort; correlated effect; n=8/arm working assumption.,READY—DIGITIZED NETWORK POWER
EEG-R082,82,Chaudhari et al. 2023,Gamma N2 [CHA-NP-TP1-GAMMA-N02],2.952415498,0.5613127597,CHAUDHARI-2023,Chaudhari,source network power,gamma,rest/task combined by source analysis,repeated treatment TP1,study-defined source network,S8-S1 normalized network power,1,Available study-level estimate; source/working assumptions retained,1,1,0,0,1,0,,,,,,Positive=higher tPBM ΔnP,Same independent Chaudhari cohort; correlated effect; n=8/arm working assumption.,READY—DIGITIZED NETWORK POWER
EEG-R083,83,Chaudhari et al. 2023,Gamma N3 [CHA-NP-TP1-GAMMA-N03],3.959245304,0.8098436919,CHAUDHARI-2023,Chaudhari,source network power,gamma,rest/task combined by source analysis,repeated treatment TP1,study-defined source network,S8-S1 normalized network power,1,Available study-level estimate; source/working assumptions retained,1,1,0,0,1,0,,,,,,Positive=higher tPBM ΔnP,Same independent Chaudhari cohort; correlated effect; n=8/arm working assumption.,READY—DIGITIZED NETWORK POWER
EEG-R084,84,Chaudhari et al. 2023,Gamma N4 [CHA-NP-TP1-GAMMA-N04],1.753202243,0.3597756467,CHAUDHARI-2023,Chaudhari,source network power,gamma,rest/task combined by source analysis,repeated treatment TP1,study-defined source network,S8-S1 normalized network power,1,Available study-level estimate; source/working assumptions retained,1,1,0,0,1,0,,,,,,Positive=higher tPBM ΔnP,Same independent Chaudhari cohort; correlated effect; n=8/arm working assumption.,READY—DIGITIZED NETWORK POWER
EEG-R085,85,Chaudhari et al. 2023,Gamma N5 [CHA-NP-TP1-GAMMA-N05],1.444136531,0.3244832258,CHAUDHARI-2023,Chaudhari,source network power,gamma,rest/task combined by source analysis,repeated treatment TP1,study-defined source network,S8-S1 normalized network power,1,Available study-level estimate; source/working assumptions retained,1,1,0,0,1,0,,,,,,Positive=higher tPBM ΔnP,Same independent Chaudhari cohort; correlated effect; n=8/arm working assumption.,READY—DIGITIZED NETWORK POWER
EEG-R086,86,Chaudhari et al. 2023,Gamma N6 [CHA-NP-TP1-GAMMA-N06],2.95310935,0.5614591012,CHAUDHARI-2023,Chaudhari,source network power,gamma,rest/task combined by source analysis,repeated treatment TP1,study-defined source network,S8-S1 normalized network power,1,Available study-level estimate; source/working assumptions retained,1,1,0,0,1,0,,,,,,Positive=higher tPBM ΔnP,Same independent Chaudhari cohort; correlated effect; n=8/arm working assumption.,READY—DIGITIZED NETWORK POWER
EEG-R087,87,Chaudhari et al. 2023,Gamma N7 [CHA-NP-TP1-GAMMA-N07],0.6614916485,0.2656275429,CHAUDHARI-2023,Chaudhari,source network power,gamma,rest/task combined by source analysis,repeated treatment TP1,study-defined source network,S8-S1 normalized network power,1,Available study-level estimate; source/working assumptions retained,1,1,0,0,1,0,,,,,,Positive=higher tPBM ΔnP,Same independent Chaudhari cohort; correlated effect; n=8/arm working assumption.,READY—DIGITIZED NETWORK POWER
EEG-R088,88,Chaudhari et al. 2023,Gamma N8 [CHA-NP-TP1-GAMMA-N08],1.503764872,0.3307610282,CHAUDHARI-2023,Chaudhari,source network power,gamma,rest/task combined by source analysis,repeated treatment TP1,study-defined source network,S8-S1 normalized network power,1,Available study-level estimate; source/working assumptions retained,1,1,0,0,1,0,,,,,,Positive=higher tPBM ΔnP,Same independent Chaudhari cohort; correlated effect; n=8/arm working assumption.,READY—DIGITIZED NETWORK POWER
EEG-R089,89,Chaudhari et al. 2023,Gamma N9 [CHA-NP-TP1-GAMMA-N09],0.6579805926,0.2654620879,CHAUDHARI-2023,Chaudhari,source network power,gamma,rest/task combined by source analysis,repeated treatment TP1,study-defined source network,S8-S1 normalized network power,1,Available study-level estimate; source/working assumptions retained,1,1,0,0,1,0,,,,,,Positive=higher tPBM ΔnP,Same independent Chaudhari cohort; correlated effect; n=8/arm working assumption.,READY—DIGITIZED NETWORK POWER
EEG-R090,90,Chaudhari et al. 2023,Gamma N10 [CHA-NP-TP1-GAMMA-N10],0.8613075512,0.2764946678,CHAUDHARI-2023,Chaudhari,source network power,gamma,rest/task combined by source analysis,repeated treatment TP1,study-defined source network,S8-S1 normalized network power,1,Available study-level estimate; source/working assumptions retained,1,1,0,0,1,0,,,,,,Positive=higher tPBM ΔnP,Same independent Chaudhari cohort; correlated effect; n=8/arm working assumption.,READY—DIGITIZED NETWORK POWER
EEG-R091,91,Chaudhari et al. 2023,Gamma N11 [CHA-NP-TP1-GAMMA-N11],0.3966905027,0.2556201198,CHAUDHARI-2023,Chaudhari,source network power,gamma,rest/task combined by source analysis,repeated treatment TP1,study-defined source network,S8-S1 normalized network power,1,Available study-level estimate; source/working assumptions retained,1,1,0,0,1,0,,,,,,Positive=higher tPBM ΔnP,Same independent Chaudhari cohort; correlated effect; n=8/arm working assumption.,READY—DIGITIZED NETWORK POWER
EEG-R092,92,Chaudhari et al. 2023,Gamma N12 [CHA-NP-TP1-GAMMA-N12],2.666000509,0.5038413827,CHAUDHARI-2023,Chaudhari,source network power,gamma,rest/task combined by source analysis,repeated treatment TP1,study-defined source network,S8-S1 normalized network power,1,Available study-level estimate; source/working assumptions retained,1,1,0,0,1,0,,,,,,Positive=higher tPBM ΔnP,Same independent Chaudhari cohort; correlated effect; n=8/arm working assumption.,READY—DIGITIZED NETWORK POWER
EEG-R093,93,Chaudhari et al. 2023,Delta N1 [CHA-NP-TP2-DELTA-N01],0.2876790665,0.2529556873,CHAUDHARI-2023,Chaudhari,source network power,delta,rest/task combined by source analysis,repeated treatment TP2,study-defined source network,S8-S1 normalized network power,1,Available study-level estimate; source/working assumptions retained,1,1,0,0,1,0,,,,,,Positive=higher tPBM ΔnP,Same independent Chaudhari cohort; correlated effect; n=8/arm working assumption.,READY—DIGITIZED NETWORK POWER
EEG-R094,94,Chaudhari et al. 2023,Delta N2 [CHA-NP-TP2-DELTA-N02],1.531564603,0.3337746476,CHAUDHARI-2023,Chaudhari,source network power,delta,rest/task combined by source analysis,repeated treatment TP2,study-defined source network,S8-S1 normalized network power,1,Available study-level estimate; source/working assumptions retained,1,1,0,0,1,0,,,,,,Positive=higher tPBM ΔnP,Same independent Chaudhari cohort; correlated effect; n=8/arm working assumption.,READY—DIGITIZED NETWORK POWER
EEG-R095,95,Chaudhari et al. 2023,Delta N3 [CHA-NP-TP2-DELTA-N03],0.969458561,0.2835660679,CHAUDHARI-2023,Chaudhari,source network power,delta,rest/task combined by source analysis,repeated treatment TP2,study-defined source network,S8-S1 normalized network power,1,Available study-level estimate; source/working assumptions retained,1,1,0,0,1,0,,,,,,Positive=higher tPBM ΔnP,Same independent Chaudhari cohort; correlated effect; n=8/arm working assumption.,READY—DIGITIZED NETWORK POWER
EEG-R096,96,Chaudhari et al. 2023,Delta N4 [CHA-NP-TP2-DELTA-N04],-0.1216446011,0.2505284789,CHAUDHARI-2023,Chaudhari,source network power,delta,rest/task combined by source analysis,repeated treatment TP2,study-defined source network,S8-S1 normalized network power,1,Available study-level estimate; source/working assumptions retained,1,1,0,0,1,0,,,,,,Negative=lower tPBM ΔnP,Same independent Chaudhari cohort; correlated effect; n=8/arm working assumption.,READY—DIGITIZED NETWORK POWER
EEG-R097,97,Chaudhari et al. 2023,Delta N5 [CHA-NP-TP2-DELTA-N05],-1.13905226,0.2963371447,CHAUDHARI-2023,Chaudhari,source network power,delta,rest/task combined by source analysis,repeated treatment TP2,study-defined source network,S8-S1 normalized network power,1,Available study-level estimate; source/working assumptions retained,1,1,0,0,1,0,,,,,,Negative=lower tPBM ΔnP,Same independent Chaudhari cohort; correlated effect; n=8/arm working assumption.,READY—DIGITIZED NETWORK POWER
EEG-R098,98,Chaudhari et al. 2023,Delta N6 [CHA-NP-TP2-DELTA-N06],0.7301881036,0.2690419524,CHAUDHARI-2023,Chaudhari,source network power,delta,rest/task combined by source analysis,repeated treatment TP2,study-defined source network,S8-S1 normalized network power,1,Available study-level estimate; source/working assumptions retained,1,1,0,0,1,0,,,,,,Positive=higher tPBM ΔnP,Same independent Chaudhari cohort; correlated effect; n=8/arm working assumption.,READY—DIGITIZED NETWORK POWER
EEG-R099,99,Chaudhari et al. 2023,Delta N7 [CHA-NP-TP2-DELTA-N07],0.3209055454,0.2536778703,CHAUDHARI-2023,Chaudhari,source network power,delta,rest/task combined by source analysis,repeated treatment TP2,study-defined source network,S8-S1 normalized network power,1,Available study-level estimate; source/working assumptions retained,1,1,0,0,1,0,,,,,,Positive=higher tPBM ΔnP,Same independent Chaudhari cohort; correlated effect; n=8/arm working assumption.,READY—DIGITIZED NETWORK POWER
EEG-R100,100,Chaudhari et al. 2023,Delta N8 [CHA-NP-TP2-DELTA-N08],0.820152293,0.2740232066,CHAUDHARI-2023,Chaudhari,source network power,delta,rest/task combined by source analysis,repeated treatment TP2,study-defined source network,S8-S1 normalized network power,1,Available study-level estimate; source/working assumptions retained,1,1,0,0,1,0,,,,,,Positive=higher tPBM ΔnP,Same independent Chaudhari cohort; correlated effect; n=8/arm working assumption.,READY—DIGITIZED NETWORK POWER
EEG-R101,101,Chaudhari et al. 2023,Delta N9 [CHA-NP-TP2-DELTA-N09],0.7360707072,0.2693500031,CHAUDHARI-2023,Chaudhari,source network power,delta,rest/task combined by source analysis,repeated treatment TP2,study-defined source network,S8-S1 normalized network power,1,Available study-level estimate; source/working assumptions retained,1,1,0,0,1,0,,,,,,Positive=higher tPBM ΔnP,Same independent Chaudhari cohort; correlated effect; n=8/arm working assumption.,READY—DIGITIZED NETWORK POWER
EEG-R102,102,Chaudhari et al. 2023,Delta N10 [CHA-NP-TP2-DELTA-N10],0.8143236477,0.2736829644,CHAUDHARI-2023,Chaudhari,source network power,delta,rest/task combined by source analysis,repeated treatment TP2,study-defined source network,S8-S1 normalized network power,1,Available study-level estimate; source/working assumptions retained,1,1,0,0,1,0,,,,,,Positive=higher tPBM ΔnP,Same independent Chaudhari cohort; correlated effect; n=8/arm working assumption.,READY—DIGITIZED NETWORK POWER
EEG-R103,103,Chaudhari et al. 2023,Delta N11 [CHA-NP-TP2-DELTA-N11],0.654308807,0.2652900005,CHAUDHARI-2023,Chaudhari,source network power,delta,rest/task combined by source analysis,repeated treatment TP2,study-defined source network,S8-S1 normalized network power,1,Available study-level estimate; source/working assumptions retained,1,1,0,0,1,0,,,,,,Positive=higher tPBM ΔnP,Same independent Chaudhari cohort; correlated effect; n=8/arm working assumption.,READY—DIGITIZED NETWORK POWER
EEG-R104,104,Chaudhari et al. 2023,Delta N12 [CHA-NP-TP2-DELTA-N12],1.15653983,0.2977708707,CHAUDHARI-2023,Chaudhari,source network power,delta,rest/task combined by source analysis,repeated treatment TP2,study-defined source network,S8-S1 normalized network power,1,Available study-level estimate; source/working assumptions retained,1,1,0,0,1,0,,,,,,Positive=higher tPBM ΔnP,Same independent Chaudhari cohort; correlated effect; n=8/arm working assumption.,READY—DIGITIZED NETWORK POWER
EEG-R105,105,Chaudhari et al. 2023,Theta N1 [CHA-NP-TP2-THETA-N01],-0.9954685858,0.2853913466,CHAUDHARI-2023,Chaudhari,source network power,theta,rest/task combined by source analysis,repeated treatment TP2,study-defined source network,S8-S1 normalized network power,1,Available study-level estimate; source/working assumptions retained,1,1,0,0,1,0,,,,,,Negative=lower tPBM ΔnP,Same independent Chaudhari cohort; correlated effect; n=8/arm working assumption.,READY—DIGITIZED NETWORK POWER
EEG-R106,106,Chaudhari et al. 2023,Theta N2 [CHA-NP-TP2-THETA-N02],-0.3407574489,0.2541469871,CHAUDHARI-2023,Chaudhari,source network power,theta,rest/task combined by source analysis,repeated treatment TP2,study-defined source network,S8-S1 normalized network power,1,Available study-level estimate; source/working assumptions retained,1,1,0,0,1,0,,,,,,Negative=lower tPBM ΔnP,Same independent Chaudhari cohort; correlated effect; n=8/arm working assumption.,READY—DIGITIZED NETWORK POWER
EEG-R107,107,Chaudhari et al. 2023,Theta N3 [CHA-NP-TP2-THETA-N03],2.472108977,0.4682615283,CHAUDHARI-2023,Chaudhari,source network power,theta,rest/task combined by source analysis,repeated treatment TP2,study-defined source network,S8-S1 normalized network power,1,Available study-level estimate; source/working assumptions retained,1,1,0,0,1,0,,,,,,Positive=higher tPBM ΔnP,Same independent Chaudhari cohort; correlated effect; n=8/arm working assumption.,READY—DIGITIZED NETWORK POWER
EEG-R108,108,Chaudhari et al. 2023,Theta N4 [CHA-NP-TP2-THETA-N04],1.452636601,0.3253626106,CHAUDHARI-2023,Chaudhari,source network power,theta,rest/task combined by source analysis,repeated treatment TP2,study-defined source network,S8-S1 normalized network power,1,Available study-level estimate; source/working assumptions retained,1,1,0,0,1,0,,,,,,Positive=higher tPBM ΔnP,Same independent Chaudhari cohort; correlated effect; n=8/arm working assumption.,READY—DIGITIZED NETWORK POWER
EEG-R109,109,Chaudhari et al. 2023,Theta N5 [CHA-NP-TP2-THETA-N05],-0.5970373135,0.2627304841,CHAUDHARI-2023,Chaudhari,source network power,theta,rest/task combined by source analysis,repeated treatment TP2,study-defined source network,S8-S1 normalized network power,1,Available study-level estimate; source/working assumptions retained,1,1,0,0,1,0,,,,,,Negative=lower tPBM ΔnP,Same independent Chaudhari cohort; correlated effect; n=8/arm working assumption.,READY—DIGITIZED NETWORK POWER
EEG-R110,110,Chaudhari et al. 2023,Theta N6 [CHA-NP-TP2-THETA-N06],0.4751437461,0.2580629136,CHAUDHARI-2023,Chaudhari,source network power,theta,rest/task combined by source analysis,repeated treatment TP2,study-defined source network,S8-S1 normalized network power,1,Available study-level estimate; source/working assumptions retained,1,1,0,0,1,0,,,,,,Positive=higher tPBM ΔnP,Same independent Chaudhari cohort; correlated effect; n=8/arm working assumption.,READY—DIGITIZED NETWORK POWER
EEG-R111,111,Chaudhari et al. 2023,Theta N7 [CHA-NP-TP2-THETA-N07],-1.505781341,0.330977766,CHAUDHARI-2023,Chaudhari,source network power,theta,rest/task combined by source analysis,repeated treatment TP2,study-defined source network,S8-S1 normalized network power,1,Available study-level estimate; source/working assumptions retained,1,1,0,0,1,0,,,,,,Negative=lower tPBM ΔnP,Same independent Chaudhari cohort; correlated effect; n=8/arm working assumption.,READY—DIGITIZED NETWORK POWER
EEG-R112,112,Chaudhari et al. 2023,Theta N8 [CHA-NP-TP2-THETA-N08],1.347961114,0.3148928274,CHAUDHARI-2023,Chaudhari,source network power,theta,rest/task combined by source analysis,repeated treatment TP2,study-defined source network,S8-S1 normalized network power,1,Available study-level estimate; source/working assumptions retained,1,1,0,0,1,0,,,,,,Positive=higher tPBM ΔnP,Same independent Chaudhari cohort; correlated effect; n=8/arm working assumption.,READY—DIGITIZED NETWORK POWER
EEG-R113,113,Chaudhari et al. 2023,Theta N9 [CHA-NP-TP2-THETA-N09],1.271628835,0.3077514248,CHAUDHARI-2023,Chaudhari,source network power,theta,rest/task combined by source analysis,repeated treatment TP2,study-defined source network,S8-S1 normalized network power,1,Available study-level estimate; source/working assumptions retained,1,1,0,0,1,0,,,,,,Positive=higher tPBM ΔnP,Same independent Chaudhari cohort; correlated effect; n=8/arm working assumption.,READY—DIGITIZED NETWORK POWER
EEG-R114,114,Chaudhari et al. 2023,Theta N10 [CHA-NP-TP2-THETA-N10],2.299925993,0.4389164134,CHAUDHARI-2023,Chaudhari,source network power,theta,rest/task combined by source analysis,repeated treatment TP2,study-defined source network,S8-S1 normalized network power,1,Available study-level estimate; source/working assumptions retained,1,1,0,0,1,0,,,,,,Positive=higher tPBM ΔnP,Same independent Chaudhari cohort; correlated effect; n=8/arm working assumption.,READY—DIGITIZED NETWORK POWER
EEG-R115,115,Chaudhari et al. 2023,Theta N11 [CHA-NP-TP2-THETA-N11],0.3116367043,0.2534684798,CHAUDHARI-2023,Chaudhari,source network power,theta,rest/task combined by source analysis,repeated treatment TP2,study-defined source network,S8-S1 normalized network power,1,Available study-level estimate; source/working assumptions retained,1,1,0,0,1,0,,,,,,Positive=higher tPBM ΔnP,Same independent Chaudhari cohort; correlated effect; n=8/arm working assumption.,READY—DIGITIZED NETWORK POWER
EEG-R116,116,Chaudhari et al. 2023,Theta N12 [CHA-NP-TP2-THETA-N12],0.5925718096,0.2625407625,CHAUDHARI-2023,Chaudhari,source network power,theta,rest/task combined by source analysis,repeated treatment TP2,study-defined source network,S8-S1 normalized network power,1,Available study-level estimate; source/working assumptions retained,1,1,0,0,1,0,,,,,,Positive=higher tPBM ΔnP,Same independent Chaudhari cohort; correlated effect; n=8/arm working assumption.,READY—DIGITIZED NETWORK POWER
EEG-R117,117,Chaudhari et al. 2023,Alpha N1 [CHA-NP-TP2-ALPHA-N01],-1.586738063,0.3399192028,CHAUDHARI-2023,Chaudhari,source network power,alpha,rest/task combined by source analysis,repeated treatment TP2,study-defined source network,S8-S1 normalized network power,1,Available study-level estimate; source/working assumptions retained,1,1,0,0,1,0,,,,,,Negative=lower tPBM ΔnP,Same independent Chaudhari cohort; correlated effect; n=8/arm working assumption.,READY—DIGITIZED NETWORK POWER
EEG-R118,118,Chaudhari et al. 2023,Alpha N2 [CHA-NP-TP2-ALPHA-N02],-0.9467002042,0.282008617,CHAUDHARI-2023,Chaudhari,source network power,alpha,rest/task combined by source analysis,repeated treatment TP2,study-defined source network,S8-S1 normalized network power,1,Available study-level estimate; source/working assumptions retained,1,1,0,0,1,0,,,,,,Negative=lower tPBM ΔnP,Same independent Chaudhari cohort; correlated effect; n=8/arm working assumption.,READY—DIGITIZED NETWORK POWER
EEG-R119,119,Chaudhari et al. 2023,Alpha N3 [CHA-NP-TP2-ALPHA-N03],0.7223555568,0.2686356268,CHAUDHARI-2023,Chaudhari,source network power,alpha,rest/task combined by source analysis,repeated treatment TP2,study-defined source network,S8-S1 normalized network power,1,Available study-level estimate; source/working assumptions retained,1,1,0,0,1,0,,,,,,Positive=higher tPBM ΔnP,Same independent Chaudhari cohort; correlated effect; n=8/arm working assumption.,READY—DIGITIZED NETWORK POWER
EEG-R120,120,Chaudhari et al. 2023,Alpha N4 [CHA-NP-TP2-ALPHA-N04],-0.6426865925,0.2647516449,CHAUDHARI-2023,Chaudhari,source network power,alpha,rest/task combined by source analysis,repeated treatment TP2,study-defined source network,S8-S1 normalized network power,1,Available study-level estimate; source/working assumptions retained,1,1,0,0,1,0,,,,,,Negative=lower tPBM ΔnP,Same independent Chaudhari cohort; correlated effect; n=8/arm working assumption.,READY—DIGITIZED NETWORK POWER
EEG-R121,121,Chaudhari et al. 2023,Alpha N5 [CHA-NP-TP2-ALPHA-N05],-0.72401409,0.2687213001,CHAUDHARI-2023,Chaudhari,source network power,alpha,rest/task combined by source analysis,repeated treatment TP2,study-defined source network,S8-S1 normalized network power,1,Available study-level estimate; source/working assumptions retained,1,1,0,0,1,0,,,,,,Negative=lower tPBM ΔnP,Same independent Chaudhari cohort; correlated effect; n=8/arm working assumption.,READY—DIGITIZED NETWORK POWER
EEG-R122,122,Chaudhari et al. 2023,Alpha N6 [CHA-NP-TP2-ALPHA-N06],0.05036111299,0.2500905801,CHAUDHARI-2023,Chaudhari,source network power,alpha,rest/task combined by source analysis,repeated treatment TP2,study-defined source network,S8-S1 normalized network power,1,Available study-level estimate; source/working assumptions retained,1,1,0,0,1,0,,,,,,Positive=higher tPBM ΔnP,Same independent Chaudhari cohort; correlated effect; n=8/arm working assumption.,READY—DIGITIZED NETWORK POWER
EEG-R123,123,Chaudhari et al. 2023,Alpha N7 [CHA-NP-TP2-ALPHA-N07],-0.7934754499,0.2724858318,CHAUDHARI-2023,Chaudhari,source network power,alpha,rest/task combined by source analysis,repeated treatment TP2,study-defined source network,S8-S1 normalized network power,1,Available study-level estimate; source/working assumptions retained,1,1,0,0,1,0,,,,,,Negative=lower tPBM ΔnP,Same independent Chaudhari cohort; correlated effect; n=8/arm working assumption.,READY—DIGITIZED NETWORK POWER
EEG-R124,124,Chaudhari et al. 2023,Alpha N8 [CHA-NP-TP2-ALPHA-N08],0.0,0.25,CHAUDHARI-2023,Chaudhari,source network power,alpha,rest/task combined by source analysis,repeated treatment TP2,study-defined source network,S8-S1 normalized network power,1,Available study-level estimate; source/working assumptions retained,1,1,0,0,1,0,,,,,,Positive=higher tPBM ΔnP,Same independent Chaudhari cohort; correlated effect; n=8/arm working assumption.,READY—DIGITIZED NETWORK POWER
EEG-R125,125,Chaudhari et al. 2023,Alpha N9 [CHA-NP-TP2-ALPHA-N09],1.411923439,0.3211974213,CHAUDHARI-2023,Chaudhari,source network power,alpha,rest/task combined by source analysis,repeated treatment TP2,study-defined source network,S8-S1 normalized network power,1,Available study-level estimate; source/working assumptions retained,1,1,0,0,1,0,,,,,,Positive=higher tPBM ΔnP,Same independent Chaudhari cohort; correlated effect; n=8/arm working assumption.,READY—DIGITIZED NETWORK POWER
EEG-R126,126,Chaudhari et al. 2023,Alpha N10 [CHA-NP-TP2-ALPHA-N10],2.01323161,0.3947536255,CHAUDHARI-2023,Chaudhari,source network power,alpha,rest/task combined by source analysis,repeated treatment TP2,study-defined source network,S8-S1 normalized network power,1,Available study-level estimate; source/working assumptions retained,1,1,0,0,1,0,,,,,,Positive=higher tPBM ΔnP,Same independent Chaudhari cohort; correlated effect; n=8/arm working assumption.,READY—DIGITIZED NETWORK POWER
EEG-R127,127,Chaudhari et al. 2023,Alpha N11 [CHA-NP-TP2-ALPHA-N11],0.2543926203,0.2523112716,CHAUDHARI-2023,Chaudhari,source network power,alpha,rest/task combined by source analysis,repeated treatment TP2,study-defined source network,S8-S1 normalized network power,1,Available study-level estimate; source/working assumptions retained,1,1,0,0,1,0,,,,,,Positive=higher tPBM ΔnP,Same independent Chaudhari cohort; correlated effect; n=8/arm working assumption.,READY—DIGITIZED NETWORK POWER
EEG-R128,128,Chaudhari et al. 2023,Alpha N12 [CHA-NP-TP2-ALPHA-N12],0.5771918647,0.2618982303,CHAUDHARI-2023,Chaudhari,source network power,alpha,rest/task combined by source analysis,repeated treatment TP2,study-defined source network,S8-S1 normalized network power,1,Available study-level estimate; source/working assumptions retained,1,1,0,0,1,0,,,,,,Positive=higher tPBM ΔnP,Same independent Chaudhari cohort; correlated effect; n=8/arm working assumption.,READY—DIGITIZED NETWORK POWER
EEG-R129,129,Chaudhari et al. 2023,Beta N1 [CHA-NP-TP2-BETA-N01],-1.561121277,0.3370392729,CHAUDHARI-2023,Chaudhari,source network power,beta,rest/task combined by source analysis,repeated treatment TP2,study-defined source network,S8-S1 normalized network power,1,Available study-level estimate; source/working assumptions retained,1,1,0,0,1,0,,,,,,Negative=lower tPBM ΔnP,Same independent Chaudhari cohort; correlated effect; n=8/arm working assumption.,READY—DIGITIZED NETWORK POWER
EEG-R130,130,Chaudhari et al. 2023,Beta N2 [CHA-NP-TP2-BETA-N02],0.6237949134,0.2638971462,CHAUDHARI-2023,Chaudhari,source network power,beta,rest/task combined by source analysis,repeated treatment TP2,study-defined source network,S8-S1 normalized network power,1,Available study-level estimate; source/working assumptions retained,1,1,0,0,1,0,,,,,,Positive=higher tPBM ΔnP,Same independent Chaudhari cohort; correlated effect; n=8/arm working assumption.,READY—DIGITIZED NETWORK POWER
EEG-R131,131,Chaudhari et al. 2023,Beta N3 [CHA-NP-TP2-BETA-N03],1.438045276,0.323856222,CHAUDHARI-2023,Chaudhari,source network power,beta,rest/task combined by source analysis,repeated treatment TP2,study-defined source network,S8-S1 normalized network power,1,Available study-level estimate; source/working assumptions retained,1,1,0,0,1,0,,,,,,Positive=higher tPBM ΔnP,Same independent Chaudhari cohort; correlated effect; n=8/arm working assumption.,READY—DIGITIZED NETWORK POWER
EEG-R132,132,Chaudhari et al. 2023,Beta N4 [CHA-NP-TP2-BETA-N04],0.1836613267,0.2512046958,CHAUDHARI-2023,Chaudhari,source network power,beta,rest/task combined by source analysis,repeated treatment TP2,study-defined source network,S8-S1 normalized network power,1,Available study-level estimate; source/working assumptions retained,1,1,0,0,1,0,,,,,,Positive=higher tPBM ΔnP,Same independent Chaudhari cohort; correlated effect; n=8/arm working assumption.,READY—DIGITIZED NETWORK POWER
EEG-R133,133,Chaudhari et al. 2023,Beta N5 [CHA-NP-TP2-BETA-N05],-0.6884732337,0.2669284069,CHAUDHARI-2023,Chaudhari,source network power,beta,rest/task combined by source analysis,repeated treatment TP2,study-defined source network,S8-S1 normalized network power,1,Available study-level estimate; source/working assumptions retained,1,1,0,0,1,0,,,,,,Negative=lower tPBM ΔnP,Same independent Chaudhari cohort; correlated effect; n=8/arm working assumption.,READY—DIGITIZED NETWORK POWER
EEG-R134,134,Chaudhari et al. 2023,Beta N6 [CHA-NP-TP2-BETA-N06],0.5677455531,0.2615119648,CHAUDHARI-2023,Chaudhari,source network power,beta,rest/task combined by source analysis,repeated treatment TP2,study-defined source network,S8-S1 normalized network power,1,Available study-level estimate; source/working assumptions retained,1,1,0,0,1,0,,,,,,Positive=higher tPBM ΔnP,Same independent Chaudhari cohort; correlated effect; n=8/arm working assumption.,READY—DIGITIZED NETWORK POWER
EEG-R135,135,Chaudhari et al. 2023,Beta N7 [CHA-NP-TP2-BETA-N07],-0.7550897674,0.270362877,CHAUDHARI-2023,Chaudhari,source network power,beta,rest/task combined by source analysis,repeated treatment TP2,study-defined source network,S8-S1 normalized network power,1,Available study-level estimate; source/working assumptions retained,1,1,0,0,1,0,,,,,,Negative=lower tPBM ΔnP,Same independent Chaudhari cohort; correlated effect; n=8/arm working assumption.,READY—DIGITIZED NETWORK POWER
EEG-R136,136,Chaudhari et al. 2023,Beta N8 [CHA-NP-TP2-BETA-N08],-0.7684111418,0.271087703,CHAUDHARI-2023,Chaudhari,source network power,beta,rest/task combined by source analysis,repeated treatment TP2,study-defined source network,S8-S1 normalized network power,1,Available study-level estimate; source/working assumptions retained,1,1,0,0,1,0,,,,,,Negative=lower tPBM ΔnP,Same independent Chaudhari cohort; correlated effect; n=8/arm working assumption.,READY—DIGITIZED NETWORK POWER
EEG-R137,137,Chaudhari et al. 2023,Beta N9 [CHA-NP-TP2-BETA-N09],1.678198987,0.3505839943,CHAUDHARI-2023,Chaudhari,source network power,beta,rest/task combined by source analysis,repeated treatment TP2,study-defined source network,S8-S1 normalized network power,1,Available study-level estimate; source/working assumptions retained,1,1,0,0,1,0,,,,,,Positive=higher tPBM ΔnP,Same independent Chaudhari cohort; correlated effect; n=8/arm working assumption.,READY—DIGITIZED NETWORK POWER
EEG-R138,138,Chaudhari et al. 2023,Beta N10 [CHA-NP-TP2-BETA-N10],1.856909299,0.3731468624,CHAUDHARI-2023,Chaudhari,source network power,beta,rest/task combined by source analysis,repeated treatment TP2,study-defined source network,S8-S1 normalized network power,1,Available study-level estimate; source/working assumptions retained,1,1,0,0,1,0,,,,,,Positive=higher tPBM ΔnP,Same independent Chaudhari cohort; correlated effect; n=8/arm working assumption.,READY—DIGITIZED NETWORK POWER
EEG-R139,139,Chaudhari et al. 2023,Beta N11 [CHA-NP-TP2-BETA-N11],1.580226937,0.3391827562,CHAUDHARI-2023,Chaudhari,source network power,beta,rest/task combined by source analysis,repeated treatment TP2,study-defined source network,S8-S1 normalized network power,1,Available study-level estimate; source/working assumptions retained,1,1,0,0,1,0,,,,,,Positive=higher tPBM ΔnP,Same independent Chaudhari cohort; correlated effect; n=8/arm working assumption.,READY—DIGITIZED NETWORK POWER
EEG-R140,140,Chaudhari et al. 2023,Beta N12 [CHA-NP-TP2-BETA-N12],0.9211728297,0.2803056922,CHAUDHARI-2023,Chaudhari,source network power,beta,rest/task combined by source analysis,repeated treatment TP2,study-defined source network,S8-S1 normalized network power,1,Available study-level estimate; source/working assumptions retained,1,1,0,0,1,0,,,,,,Positive=higher tPBM ΔnP,Same independent Chaudhari cohort; correlated effect; n=8/arm working assumption.,READY—DIGITIZED NETWORK POWER
EEG-R141,141,Chaudhari et al. 2023,Gamma N1 [CHA-NP-TP2-GAMMA-N01],-1.506413567,0.3310457798,CHAUDHARI-2023,Chaudhari,source network power,gamma,rest/task combined by source analysis,repeated treatment TP2,study-defined source network,S8-S1 normalized network power,1,Available study-level estimate; source/working assumptions retained,1,1,0,0,1,0,,,,,,Negative=lower tPBM ΔnP,Same independent Chaudhari cohort; correlated effect; n=8/arm working assumption.,READY—DIGITIZED NETWORK POWER
EEG-R142,142,Chaudhari et al. 2023,Gamma N2 [CHA-NP-TP2-GAMMA-N02],0.2645918071,0.2525003152,CHAUDHARI-2023,Chaudhari,source network power,gamma,rest/task combined by source analysis,repeated treatment TP2,study-defined source network,S8-S1 normalized network power,1,Available study-level estimate; source/working assumptions retained,1,1,0,0,1,0,,,,,,Positive=higher tPBM ΔnP,Same independent Chaudhari cohort; correlated effect; n=8/arm working assumption.,READY—DIGITIZED NETWORK POWER
EEG-R143,143,Chaudhari et al. 2023,Gamma N3 [CHA-NP-TP2-GAMMA-N03],2.374731755,0.4514053896,CHAUDHARI-2023,Chaudhari,source network power,gamma,rest/task combined by source analysis,repeated treatment TP2,study-defined source network,S8-S1 normalized network power,1,Available study-level estimate; source/working assumptions retained,1,1,0,0,1,0,,,,,,Positive=higher tPBM ΔnP,Same independent Chaudhari cohort; correlated effect; n=8/arm working assumption.,READY—DIGITIZED NETWORK POWER
EEG-R144,144,Chaudhari et al. 2023,Gamma N4 [CHA-NP-TP2-GAMMA-N04],0.486134919,0.2584402557,CHAUDHARI-2023,Chaudhari,source network power,gamma,rest/task combined by source analysis,repeated treatment TP2,study-defined source network,S8-S1 normalized network power,1,Available study-level estimate; source/working assumptions retained,1,1,0,0,1,0,,,,,,Positive=higher tPBM ΔnP,Same independent Chaudhari cohort; correlated effect; n=8/arm working assumption.,READY—DIGITIZED NETWORK POWER
EEG-R145,145,Chaudhari et al. 2023,Gamma N5 [CHA-NP-TP2-GAMMA-N05],0.6260567665,0.2639981098,CHAUDHARI-2023,Chaudhari,source network power,gamma,rest/task combined by source analysis,repeated treatment TP2,study-defined source network,S8-S1 normalized network power,1,Available study-level estimate; source/working assumptions retained,1,1,0,0,1,0,,,,,,Positive=higher tPBM ΔnP,Same independent Chaudhari cohort; correlated effect; n=8/arm working assumption.,READY—DIGITIZED NETWORK POWER
EEG-R146,146,Chaudhari et al. 2023,Gamma N6 [CHA-NP-TP2-GAMMA-N06],1.338084331,0.3139453456,CHAUDHARI-2023,Chaudhari,source network power,gamma,rest/task combined by source analysis,repeated treatment TP2,study-defined source network,S8-S1 normalized network power,1,Available study-level estimate; source/working assumptions retained,1,1,0,0,1,0,,,,,,Positive=higher tPBM ΔnP,Same independent Chaudhari cohort; correlated effect; n=8/arm working assumption.,READY—DIGITIZED NETWORK POWER
EEG-R147,147,Chaudhari et al. 2023,Gamma N7 [CHA-NP-TP2-GAMMA-N07],0.257582621,0.2523696002,CHAUDHARI-2023,Chaudhari,source network power,gamma,rest/task combined by source analysis,repeated treatment TP2,study-defined source network,S8-S1 normalized network power,1,Available study-level estimate; source/working assumptions retained,1,1,0,0,1,0,,,,,,Positive=higher tPBM ΔnP,Same independent Chaudhari cohort; correlated effect; n=8/arm working assumption.,READY—DIGITIZED NETWORK POWER
EEG-R148,148,Chaudhari et al. 2023,Gamma N8 [CHA-NP-TP2-GAMMA-N08],1.546945141,0.3354656882,CHAUDHARI-2023,Chaudhari,source network power,gamma,rest/task combined by source analysis,repeated treatment TP2,study-defined source network,S8-S1 normalized network power,1,Available study-level estimate; source/working assumptions retained,1,1,0,0,1,0,,,,,,Positive=higher tPBM ΔnP,Same independent Chaudhari cohort; correlated effect; n=8/arm working assumption.,READY—DIGITIZED NETWORK POWER
EEG-R149,149,Chaudhari et al. 2023,Gamma N9 [CHA-NP-TP2-GAMMA-N09],-0.1555497853,0.2508641334,CHAUDHARI-2023,Chaudhari,source network power,gamma,rest/task combined by source analysis,repeated treatment TP2,study-defined source network,S8-S1 normalized network power,1,Available study-level estimate; source/working assumptions retained,1,1,0,0,1,0,,,,,,Negative=lower tPBM ΔnP,Same independent Chaudhari cohort; correlated effect; n=8/arm working assumption.,READY—DIGITIZED NETWORK POWER
EEG-R150,150,Chaudhari et al. 2023,Gamma N10 [CHA-NP-TP2-GAMMA-N10],1.167224252,0.2986575876,CHAUDHARI-2023,Chaudhari,source network power,gamma,rest/task combined by source analysis,repeated treatment TP2,study-defined source network,S8-S1 normalized network power,1,Available study-level estimate; source/working assumptions retained,1,1,0,0,1,0,,,,,,Positive=higher tPBM ΔnP,Same independent Chaudhari cohort; correlated effect; n=8/arm working assumption.,READY—DIGITIZED NETWORK POWER
EEG-R151,151,Chaudhari et al. 2023,Gamma N11 [CHA-NP-TP2-GAMMA-N11],0.7943144993,0.2725334116,CHAUDHARI-2023,Chaudhari,source network power,gamma,rest/task combined by source analysis,repeated treatment TP2,study-defined source network,S8-S1 normalized network power,1,Available study-level estimate; source/working assumptions retained,1,1,0,0,1,0,,,,,,Positive=higher tPBM ΔnP,Same independent Chaudhari cohort; correlated effect; n=8/arm working assumption.,READY—DIGITIZED NETWORK POWER
EEG-R152,152,Chaudhari et al. 2023,Gamma N12 [CHA-NP-TP2-GAMMA-N12],2.211168945,0.424616718,CHAUDHARI-2023,Chaudhari,source network power,gamma,rest/task combined by source analysis,repeated treatment TP2,study-defined source network,S8-S1 normalized network power,1,Available study-level estimate; source/working assumptions retained,1,1,0,0,1,0,,,,,,Positive=higher tPBM ΔnP,Same independent Chaudhari cohort; correlated effect; n=8/arm working assumption.,READY—DIGITIZED NETWORK POWER
EEG-R153,153,Wang et al. 2019,Beta / nominal Fp2,1.4450393701,0.1447817457,WANG-2019,Wang2019,scalp spectral power,beta,eyes open,during T8,nominal Fp2,baseline-normalized scalp PSD,1,Available study-level estimate; source/working assumptions retained,1,1,1,0,1,0,17,,Fig. 4 Cohen-d map digitization at prespecified Fp2/T8 → Hedges g; conservative independent-groups variance,Fixed-order high-RoB sensitivity—multilevel/RVE quantitative,"Within-subject sham-controlled; sham first, active second same day",Positive=higher tPBM beta power,Independent earlier n=17 cohort; distinct from cohort_id=UTA-1064-EEG-49 (Wang 2021/Shahdadian 2022/Wang 2022/Truong 2023),READY—FIXED-ORDER SENSITIVITY
EEG-R154,154,Wang et al. 2022,Alpha N1 [UTA-W22-ALPHA-04-N01],0.4337531624,0.0240747948,UTA-1064-EEG-49,Wang2022,source network power,alpha,eyes closed,during 0-4 min,study-defined source network,paired sham-subtracted normalized power,1,Available study-level estimate; source/working assumptions retained,1,1,0,0,0,0,44,,Fig7 dNP=13.248%; SEM=4.524%; paired dz -> Hedges g,Included - UTA cohort; multilevel/RVE,Paired randomized-order active vs sham; 1064 nm; right forehead; 64-ch EEG,Positive=higher tPBM dNP,cohort_id=UTA-1064-EEG-49; 66 correlated effects; companions Wang21/Shahdadian22/Truong23,READY - DIGITIZED UTA NETWORK POWER
EEG-R155,155,Wang et al. 2022,Alpha N1 [UTA-W22-ALPHA-48-N01],0.4738473483,0.0244883119,UTA-1064-EEG-49,Wang2022,source network power,alpha,eyes closed,during 4-8 min,study-defined source network,paired sham-subtracted normalized power,1,Available study-level estimate; source/working assumptions retained,1,1,0,0,0,0,44,,Fig7 dNP=15.017%; SEM=4.694%; paired dz -> Hedges g,Included - UTA cohort; multilevel/RVE,Paired randomized-order active vs sham; 1064 nm; right forehead; 64-ch EEG,Positive=higher tPBM dNP,cohort_id=UTA-1064-EEG-49; 66 correlated effects; companions Wang21/Shahdadian22/Truong23,READY - DIGITIZED UTA NETWORK POWER
EEG-R156,156,Wang et al. 2022,Alpha N1 [UTA-W22-ALPHA-REC-N01],0.3361796312,0.0232211009,UTA-1064-EEG-49,Wang2022,source network power,alpha,eyes closed,recovery,study-defined source network,paired sham-subtracted normalized power,1,Available study-level estimate; source/working assumptions retained,1,1,0,0,0,0,44,,Fig7 dNP=10.731%; SEM=4.728%; paired dz -> Hedges g,Included - UTA cohort; multilevel/RVE,Paired randomized-order active vs sham; 1064 nm; right forehead; 64-ch EEG,Positive=higher tPBM dNP,cohort_id=UTA-1064-EEG-49; 66 correlated effects; companions Wang21/Shahdadian22/Truong23,READY - DIGITIZED UTA NETWORK POWER
EEG-R157,157,Wang et al. 2022,Alpha N2 [UTA-W22-ALPHA-04-N02],0.199869999,0.0223907745,UTA-1064-EEG-49,Wang2022,source network power,alpha,eyes closed,during 0-4 min,study-defined source network,paired sham-subtracted normalized power,1,Available study-level estimate; source/working assumptions retained,1,1,0,0,0,0,44,,Fig7 dNP=4.269%; SEM=3.163%; paired dz -> Hedges g,Included - UTA cohort; multilevel/RVE,Paired randomized-order active vs sham; 1064 nm; right forehead; 64-ch EEG,Positive=higher tPBM dNP,cohort_id=UTA-1064-EEG-49; 66 correlated effects; companions Wang21/Shahdadian22/Truong23,READY - DIGITIZED UTA NETWORK POWER
EEG-R158,158,Wang et al. 2022,Alpha N2 [UTA-W22-ALPHA-48-N02],0.3143725096,0.0230598888,UTA-1064-EEG-49,Wang2022,source network power,alpha,eyes closed,during 4-8 min,study-defined source network,paired sham-subtracted normalized power,1,Available study-level estimate; source/working assumptions retained,1,1,0,0,0,0,44,,Fig7 dNP=7.364%; SEM=3.469%; paired dz -> Hedges g,Included - UTA cohort; multilevel/RVE,Paired randomized-order active vs sham; 1064 nm; right forehead; 64-ch EEG,Positive=higher tPBM dNP,cohort_id=UTA-1064-EEG-49; 66 correlated effects; companions Wang21/Shahdadian22/Truong23,READY - DIGITIZED UTA NETWORK POWER
EEG-R159,159,Wang et al. 2022,Alpha N2 [UTA-W22-ALPHA-REC-N02],0.2867832362,0.0228714177,UTA-1064-EEG-49,Wang2022,source network power,alpha,eyes closed,recovery,study-defined source network,paired sham-subtracted normalized power,1,Available study-level estimate; source/working assumptions retained,1,1,0,0,0,0,44,,Fig7 dNP=6.718%; SEM=3.469%; paired dz -> Hedges g,Included - UTA cohort; multilevel/RVE,Paired randomized-order active vs sham; 1064 nm; right forehead; 64-ch EEG,Positive=higher tPBM dNP,cohort_id=UTA-1064-EEG-49; 66 correlated effects; companions Wang21/Shahdadian22/Truong23,READY - DIGITIZED UTA NETWORK POWER
EEG-R160,160,Wang et al. 2022,Alpha N3 [UTA-W22-ALPHA-04-N03],0.2005442341,0.0223938423,UTA-1064-EEG-49,Wang2022,source network power,alpha,eyes closed,during 0-4 min,study-defined source network,paired sham-subtracted normalized power,1,Available study-level estimate; source/working assumptions retained,1,1,0,0,0,0,44,,Fig7 dNP=6.310%; SEM=4.660%; paired dz -> Hedges g,Included - UTA cohort; multilevel/RVE,Paired randomized-order active vs sham; 1064 nm; right forehead; 64-ch EEG,Positive=higher tPBM dNP,cohort_id=UTA-1064-EEG-49; 66 correlated effects; companions Wang21/Shahdadian22/Truong23,READY - DIGITIZED UTA NETWORK POWER
EEG-R161,161,Wang et al. 2022,Alpha N3 [UTA-W22-ALPHA-48-N03],0.223554793,0.0225047373,UTA-1064-EEG-49,Wang2022,source network power,alpha,eyes closed,during 4-8 min,study-defined source network,paired sham-subtracted normalized power,1,Available study-level estimate; source/working assumptions retained,1,1,0,0,0,0,44,,Fig7 dNP=8.214%; SEM=5.442%; paired dz -> Hedges g,Included - UTA cohort; multilevel/RVE,Paired randomized-order active vs sham; 1064 nm; right forehead; 64-ch EEG,Positive=higher tPBM dNP,cohort_id=UTA-1064-EEG-49; 66 correlated effects; companions Wang21/Shahdadian22/Truong23,READY - DIGITIZED UTA NETWORK POWER
EEG-R162,162,Wang et al. 2022,Alpha N3 [UTA-W22-ALPHA-REC-N03],0.2910550148,0.0228994677,UTA-1064-EEG-49,Wang2022,source network power,alpha,eyes closed,recovery,study-defined source network,paired sham-subtracted normalized power,1,Available study-level estimate; source/working assumptions retained,1,1,0,0,0,0,44,,Fig7 dNP=8.622%; SEM=4.388%; paired dz -> Hedges g,Included - UTA cohort; multilevel/RVE,Paired randomized-order active vs sham; 1064 nm; right forehead; 64-ch EEG,Positive=higher tPBM dNP,cohort_id=UTA-1064-EEG-49; 66 correlated effects; companions Wang21/Shahdadian22/Truong23,READY - DIGITIZED UTA NETWORK POWER
EEG-R163,163,Wang et al. 2022,Alpha N4 [UTA-W22-ALPHA-04-N04],0.4419939157,0.0241568041,UTA-1064-EEG-49,Wang2022,source network power,alpha,eyes closed,during 0-4 min,study-defined source network,paired sham-subtracted normalized power,1,Available study-level estimate; source/working assumptions retained,1,1,0,0,0,0,44,,Fig7 dNP=9.643%; SEM=3.231%; paired dz -> Hedges g,Included - UTA cohort; multilevel/RVE,Paired randomized-order active vs sham; 1064 nm; right forehead; 64-ch EEG,Positive=higher tPBM dNP,cohort_id=UTA-1064-EEG-49; 66 correlated effects; companions Wang21/Shahdadian22/Truong23,READY - DIGITIZED UTA NETWORK POWER
EEG-R164,164,Wang et al. 2022,Alpha N4 [UTA-W22-ALPHA-48-N04],0.5768169711,0.025717704,UTA-1064-EEG-49,Wang2022,source network power,alpha,eyes closed,during 4-8 min,study-defined source network,paired sham-subtracted normalized power,1,Available study-level estimate; source/working assumptions retained,1,1,0,0,0,0,44,,Fig7 dNP=14.439%; SEM=3.707%; paired dz -> Hedges g,Included - UTA cohort; multilevel/RVE,Paired randomized-order active vs sham; 1064 nm; right forehead; 64-ch EEG,Positive=higher tPBM dNP,cohort_id=UTA-1064-EEG-49; 66 correlated effects; companions Wang21/Shahdadian22/Truong23,READY - DIGITIZED UTA NETWORK POWER
EEG-R165,165,Wang et al. 2022,Alpha N4 [UTA-W22-ALPHA-REC-N04],0.3348877751,0.0232112495,UTA-1064-EEG-49,Wang2022,source network power,alpha,eyes closed,recovery,study-defined source network,paired sham-subtracted normalized power,1,Available study-level estimate; source/working assumptions retained,1,1,0,0,0,0,44,,Fig7 dNP=8.690%; SEM=3.844%; paired dz -> Hedges g,Included - UTA cohort; multilevel/RVE,Paired randomized-order active vs sham; 1064 nm; right forehead; 64-ch EEG,Positive=higher tPBM dNP,cohort_id=UTA-1064-EEG-49; 66 correlated effects; companions Wang21/Shahdadian22/Truong23,READY - DIGITIZED UTA NETWORK POWER
EEG-R166,166,Wang et al. 2022,Alpha N5 [UTA-W22-ALPHA-04-N05],0.1888413158,0.0223420588,UTA-1064-EEG-49,Wang2022,source network power,alpha,eyes closed,during 0-4 min,study-defined source network,paired sham-subtracted normalized power,1,Available study-level estimate; source/working assumptions retained,1,1,0,0,0,0,44,,Fig7 dNP=4.337%; SEM=3.401%; paired dz -> Hedges g,Included - UTA cohort; multilevel/RVE,Paired randomized-order active vs sham; 1064 nm; right forehead; 64-ch EEG,Positive=higher tPBM dNP,cohort_id=UTA-1064-EEG-49; 66 correlated effects; companions Wang21/Shahdadian22/Truong23,READY - DIGITIZED UTA NETWORK POWER
EEG-R167,167,Wang et al. 2022,Alpha N5 [UTA-W22-ALPHA-48-N05],0.2996187094,0.0229569489,UTA-1064-EEG-49,Wang2022,source network power,alpha,eyes closed,during 4-8 min,study-defined source network,paired sham-subtracted normalized power,1,Available study-level estimate; source/working assumptions retained,1,1,0,0,0,0,44,,Fig7 dNP=7.500%; SEM=3.707%; paired dz -> Hedges g,Included - UTA cohort; multilevel/RVE,Paired randomized-order active vs sham; 1064 nm; right forehead; 64-ch EEG,Positive=higher tPBM dNP,cohort_id=UTA-1064-EEG-49; 66 correlated effects; companions Wang21/Shahdadian22/Truong23,READY - DIGITIZED UTA NETWORK POWER
EEG-R168,168,Wang et al. 2022,Alpha N5 [UTA-W22-ALPHA-REC-N05],0.0759068034,0.0220022952,UTA-1064-EEG-49,Wang2022,source network power,alpha,eyes closed,recovery,study-defined source network,paired sham-subtracted normalized power,1,Available study-level estimate; source/working assumptions retained,1,1,0,0,0,0,44,,Fig7 dNP=2.092%; SEM=4.082%; paired dz -> Hedges g,Included - UTA cohort; multilevel/RVE,Paired randomized-order active vs sham; 1064 nm; right forehead; 64-ch EEG,Positive=higher tPBM dNP,cohort_id=UTA-1064-EEG-49; 66 correlated effects; companions Wang21/Shahdadian22/Truong23,READY - DIGITIZED UTA NETWORK POWER
EEG-R169,169,Wang et al. 2022,Alpha N6 [UTA-W22-ALPHA-04-N06],0.2312485221,0.0225445002,UTA-1064-EEG-49,Wang2022,source network power,alpha,eyes closed,during 0-4 min,study-defined source network,paired sham-subtracted normalized power,1,Available study-level estimate; source/working assumptions retained,1,1,0,0,0,0,44,,Fig7 dNP=5.629%; SEM=3.605%; paired dz -> Hedges g,Included - UTA cohort; multilevel/RVE,Paired randomized-order active vs sham; 1064 nm; right forehead; 64-ch EEG,Positive=higher tPBM dNP,cohort_id=UTA-1064-EEG-49; 66 correlated effects; companions Wang21/Shahdadian22/Truong23,READY - DIGITIZED UTA NETWORK POWER
EEG-R170,170,Wang et al. 2022,Alpha N6 [UTA-W22-ALPHA-48-N06],0.439871338,0.0241355333,UTA-1064-EEG-49,Wang2022,source network power,alpha,eyes closed,during 4-8 min,study-defined source network,paired sham-subtracted normalized power,1,Available study-level estimate; source/working assumptions retained,1,1,0,0,0,0,44,,Fig7 dNP=8.384%; SEM=2.823%; paired dz -> Hedges g,Included - UTA cohort; multilevel/RVE,Paired randomized-order active vs sham; 1064 nm; right forehead; 64-ch EEG,Positive=higher tPBM dNP,cohort_id=UTA-1064-EEG-49; 66 correlated effects; companions Wang21/Shahdadian22/Truong23,READY - DIGITIZED UTA NETWORK POWER
EEG-R171,171,Wang et al. 2022,Alpha N6 [UTA-W22-ALPHA-REC-N06],0.3312148913,0.0231834482,UTA-1064-EEG-49,Wang2022,source network power,alpha,eyes closed,recovery,study-defined source network,paired sham-subtracted normalized power,1,Available study-level estimate; source/working assumptions retained,1,1,0,0,0,0,44,,Fig7 dNP=6.922%; SEM=3.095%; paired dz -> Hedges g,Included - UTA cohort; multilevel/RVE,Paired randomized-order active vs sham; 1064 nm; right forehead; 64-ch EEG,Positive=higher tPBM dNP,cohort_id=UTA-1064-EEG-49; 66 correlated effects; companions Wang21/Shahdadian22/Truong23,READY - DIGITIZED UTA NETWORK POWER
EEG-R172,172,Wang et al. 2022,Alpha N7 [UTA-W22-ALPHA-04-N07],0.0478806582,0.0219628715,UTA-1064-EEG-49,Wang2022,source network power,alpha,eyes closed,during 0-4 min,study-defined source network,paired sham-subtracted normalized power,1,Available study-level estimate; source/working assumptions retained,1,1,0,0,0,0,44,,Fig7 dNP=1.276%; SEM=3.946%; paired dz -> Hedges g,Included - UTA cohort; multilevel/RVE,Paired randomized-order active vs sham; 1064 nm; right forehead; 64-ch EEG,Positive=higher tPBM dNP,cohort_id=UTA-1064-EEG-49; 66 correlated effects; companions Wang21/Shahdadian22/Truong23,READY - DIGITIZED UTA NETWORK POWER
EEG-R173,173,Wang et al. 2022,Alpha N7 [UTA-W22-ALPHA-48-N07],0.2395580566,0.0225889568,UTA-1064-EEG-49,Wang2022,source network power,alpha,eyes closed,during 4-8 min,study-defined source network,paired sham-subtracted normalized power,1,Available study-level estimate; source/working assumptions retained,1,1,0,0,0,0,44,,Fig7 dNP=7.262%; SEM=4.490%; paired dz -> Hedges g,Included - UTA cohort; multilevel/RVE,Paired randomized-order active vs sham; 1064 nm; right forehead; 64-ch EEG,Positive=higher tPBM dNP,cohort_id=UTA-1064-EEG-49; 66 correlated effects; companions Wang21/Shahdadian22/Truong23,READY - DIGITIZED UTA NETWORK POWER
EEG-R174,174,Wang et al. 2022,Alpha N7 [UTA-W22-ALPHA-REC-N07],0.231027586,0.0225433396,UTA-1064-EEG-49,Wang2022,source network power,alpha,eyes closed,recovery,study-defined source network,paired sham-subtracted normalized power,1,Available study-level estimate; source/working assumptions retained,1,1,0,0,0,0,44,,Fig7 dNP=6.207%; SEM=3.980%; paired dz -> Hedges g,Included - UTA cohort; multilevel/RVE,Paired randomized-order active vs sham; 1064 nm; right forehead; 64-ch EEG,Positive=higher tPBM dNP,cohort_id=UTA-1064-EEG-49; 66 correlated effects; companions Wang21/Shahdadian22/Truong23,READY - DIGITIZED UTA NETWORK POWER
EEG-R175,175,Wang et al. 2022,Alpha N8 [UTA-W22-ALPHA-04-N08],0.4940275909,0.0247102659,UTA-1064-EEG-49,Wang2022,source network power,alpha,eyes closed,during 0-4 min,study-defined source network,paired sham-subtracted normalized power,1,Available study-level estimate; source/working assumptions retained,1,1,0,0,0,0,44,,Fig7 dNP=8.622%; SEM=2.585%; paired dz -> Hedges g,Included - UTA cohort; multilevel/RVE,Paired randomized-order active vs sham; 1064 nm; right forehead; 64-ch EEG,Positive=higher tPBM dNP,cohort_id=UTA-1064-EEG-49; 66 correlated effects; companions Wang21/Shahdadian22/Truong23,READY - DIGITIZED UTA NETWORK POWER
EEG-R176,176,Wang et al. 2022,Alpha N8 [UTA-W22-ALPHA-48-N08],0.3654993209,0.0234548851,UTA-1064-EEG-49,Wang2022,source network power,alpha,eyes closed,during 4-8 min,study-defined source network,paired sham-subtracted normalized power,1,Available study-level estimate; source/working assumptions retained,1,1,0,0,0,0,44,,Fig7 dNP=7.806%; SEM=3.163%; paired dz -> Hedges g,Included - UTA cohort; multilevel/RVE,Paired randomized-order active vs sham; 1064 nm; right forehead; 64-ch EEG,Positive=higher tPBM dNP,cohort_id=UTA-1064-EEG-49; 66 correlated effects; companions Wang21/Shahdadian22/Truong23,READY - DIGITIZED UTA NETWORK POWER
EEG-R177,177,Wang et al. 2022,Alpha N8 [UTA-W22-ALPHA-REC-N08],0.313761113,0.0230555247,UTA-1064-EEG-49,Wang2022,source network power,alpha,eyes closed,recovery,study-defined source network,paired sham-subtracted normalized power,1,Available study-level estimate; source/working assumptions retained,1,1,0,0,0,0,44,,Fig7 dNP=8.214%; SEM=3.878%; paired dz -> Hedges g,Included - UTA cohort; multilevel/RVE,Paired randomized-order active vs sham; 1064 nm; right forehead; 64-ch EEG,Positive=higher tPBM dNP,cohort_id=UTA-1064-EEG-49; 66 correlated effects; companions Wang21/Shahdadian22/Truong23,READY - DIGITIZED UTA NETWORK POWER
EEG-R178,178,Wang et al. 2022,Alpha N9 [UTA-W22-ALPHA-04-N09],0.2221662539,0.0224977043,UTA-1064-EEG-49,Wang2022,source network power,alpha,eyes closed,during 0-4 min,study-defined source network,paired sham-subtracted normalized power,1,Available study-level estimate; source/working assumptions retained,1,1,0,0,0,0,44,,Fig7 dNP=5.867%; SEM=3.912%; paired dz -> Hedges g,Included - UTA cohort; multilevel/RVE,Paired randomized-order active vs sham; 1064 nm; right forehead; 64-ch EEG,Positive=higher tPBM dNP,cohort_id=UTA-1064-EEG-49; 66 correlated effects; companions Wang21/Shahdadian22/Truong23,READY - DIGITIZED UTA NETWORK POWER
EEG-R179,179,Wang et al. 2022,Alpha N9 [UTA-W22-ALPHA-48-N09],0.302119891,0.0229740519,UTA-1064-EEG-49,Wang2022,source network power,alpha,eyes closed,during 4-8 min,study-defined source network,paired sham-subtracted normalized power,1,Available study-level estimate; source/working assumptions retained,1,1,0,0,0,0,44,,Fig7 dNP=7.840%; SEM=3.844%; paired dz -> Hedges g,Included - UTA cohort; multilevel/RVE,Paired randomized-order active vs sham; 1064 nm; right forehead; 64-ch EEG,Positive=higher tPBM dNP,cohort_id=UTA-1064-EEG-49; 66 correlated effects; companions Wang21/Shahdadian22/Truong23,READY - DIGITIZED UTA NETWORK POWER
EEG-R180,180,Wang et al. 2022,Alpha N9 [UTA-W22-ALPHA-REC-N09],0.1716478292,0.0222716263,UTA-1064-EEG-49,Wang2022,source network power,alpha,eyes closed,recovery,study-defined source network,paired sham-subtracted normalized power,1,Available study-level estimate; source/working assumptions retained,1,1,0,0,0,0,44,,Fig7 dNP=5.085%; SEM=4.388%; paired dz -> Hedges g,Included - UTA cohort; multilevel/RVE,Paired randomized-order active vs sham; 1064 nm; right forehead; 64-ch EEG,Positive=higher tPBM dNP,cohort_id=UTA-1064-EEG-49; 66 correlated effects; companions Wang21/Shahdadian22/Truong23,READY - DIGITIZED UTA NETWORK POWER
EEG-R181,181,Wang et al. 2022,Alpha N10 [UTA-W22-ALPHA-04-N10],0.1110831269,0.0220770409,UTA-1064-EEG-49,Wang2022,source network power,alpha,eyes closed,during 0-4 min,study-defined source network,paired sham-subtracted normalized power,1,Available study-level estimate; source/working assumptions retained,1,1,0,0,0,0,44,,Fig7 dNP=3.112%; SEM=4.150%; paired dz -> Hedges g,Included - UTA cohort; multilevel/RVE,Paired randomized-order active vs sham; 1064 nm; right forehead; 64-ch EEG,Positive=higher tPBM dNP,cohort_id=UTA-1064-EEG-49; 66 correlated effects; companions Wang21/Shahdadian22/Truong23,READY - DIGITIZED UTA NETWORK POWER
EEG-R182,182,Wang et al. 2022,Alpha N10 [UTA-W22-ALPHA-48-N10],0.1982774094,0.0223835689,UTA-1064-EEG-49,Wang2022,source network power,alpha,eyes closed,during 4-8 min,study-defined source network,paired sham-subtracted normalized power,1,Available study-level estimate; source/working assumptions retained,1,1,0,0,0,0,44,,Fig7 dNP=7.058%; SEM=5.272%; paired dz -> Hedges g,Included - UTA cohort; multilevel/RVE,Paired randomized-order active vs sham; 1064 nm; right forehead; 64-ch EEG,Positive=higher tPBM dNP,cohort_id=UTA-1064-EEG-49; 66 correlated effects; companions Wang21/Shahdadian22/Truong23,READY - DIGITIZED UTA NETWORK POWER
EEG-R183,183,Wang et al. 2022,Alpha N10 [UTA-W22-ALPHA-REC-N10],0.2414206626,0.0225991372,UTA-1064-EEG-49,Wang2022,source network power,alpha,eyes closed,recovery,study-defined source network,paired sham-subtracted normalized power,1,Available study-level estimate; source/working assumptions retained,1,1,0,0,0,0,44,,Fig7 dNP=8.316%; SEM=5.102%; paired dz -> Hedges g,Included - UTA cohort; multilevel/RVE,Paired randomized-order active vs sham; 1064 nm; right forehead; 64-ch EEG,Positive=higher tPBM dNP,cohort_id=UTA-1064-EEG-49; 66 correlated effects; companions Wang21/Shahdadian22/Truong23,READY - DIGITIZED UTA NETWORK POWER
EEG-R184,184,Wang et al. 2022,Alpha N11 [UTA-W22-ALPHA-04-N11],0.1178715403,0.0220947027,UTA-1064-EEG-49,Wang2022,source network power,alpha,eyes closed,during 0-4 min,study-defined source network,paired sham-subtracted normalized power,1,Available study-level estimate; source/working assumptions retained,1,1,0,0,0,0,44,,Fig7 dNP=3.248%; SEM=4.082%; paired dz -> Hedges g,Included - UTA cohort; multilevel/RVE,Paired randomized-order active vs sham; 1064 nm; right forehead; 64-ch EEG,Positive=higher tPBM dNP,cohort_id=UTA-1064-EEG-49; 66 correlated effects; companions Wang21/Shahdadian22/Truong23,READY - DIGITIZED UTA NETWORK POWER
EEG-R185,185,Wang et al. 2022,Alpha N11 [UTA-W22-ALPHA-48-N11],0.1539713366,0.0222062194,UTA-1064-EEG-49,Wang2022,source network power,alpha,eyes closed,during 4-8 min,study-defined source network,paired sham-subtracted normalized power,1,Available study-level estimate; source/working assumptions retained,1,1,0,0,0,0,44,,Fig7 dNP=4.915%; SEM=4.728%; paired dz -> Hedges g,Included - UTA cohort; multilevel/RVE,Paired randomized-order active vs sham; 1064 nm; right forehead; 64-ch EEG,Positive=higher tPBM dNP,cohort_id=UTA-1064-EEG-49; 66 correlated effects; companions Wang21/Shahdadian22/Truong23,READY - DIGITIZED UTA NETWORK POWER
EEG-R186,186,Wang et al. 2022,Alpha N11 [UTA-W22-ALPHA-REC-N11],0.1134806045,0.0220831589,UTA-1064-EEG-49,Wang2022,source network power,alpha,eyes closed,recovery,study-defined source network,paired sham-subtracted normalized power,1,Available study-level estimate; source/working assumptions retained,1,1,0,0,0,0,44,,Fig7 dNP=3.622%; SEM=4.728%; paired dz -> Hedges g,Included - UTA cohort; multilevel/RVE,Paired randomized-order active vs sham; 1064 nm; right forehead; 64-ch EEG,Positive=higher tPBM dNP,cohort_id=UTA-1064-EEG-49; 66 correlated effects; companions Wang21/Shahdadian22/Truong23,READY - DIGITIZED UTA NETWORK POWER
EEG-R187,187,Wang et al. 2022,Gamma N1 [UTA-W22-GAMMA-04-N01],-0.2221662539,0.0224977043,UTA-1064-EEG-49,Wang2022,source network power,gamma,eyes closed,during 0-4 min,study-defined source network,paired sham-subtracted normalized power,1,Available study-level estimate; source/working assumptions retained,1,1,0,0,0,0,44,,Fig7 dNP=-5.060%; SEM=3.373%; paired dz -> Hedges g,Included - UTA cohort; multilevel/RVE,Paired randomized-order active vs sham; 1064 nm; right forehead; 64-ch EEG,Negative=lower tPBM dNP,cohort_id=UTA-1064-EEG-49; 66 correlated effects; companions Wang21/Shahdadian22/Truong23,READY - DIGITIZED UTA NETWORK POWER
EEG-R188,188,Wang et al. 2022,Gamma N1 [UTA-W22-GAMMA-48-N01],-0.2089868999,0.0224331325,UTA-1064-EEG-49,Wang2022,source network power,gamma,eyes closed,during 4-8 min,study-defined source network,paired sham-subtracted normalized power,1,Available study-level estimate; source/working assumptions retained,1,1,0,0,0,0,44,,Fig7 dNP=-6.607%; SEM=4.683%; paired dz -> Hedges g,Included - UTA cohort; multilevel/RVE,Paired randomized-order active vs sham; 1064 nm; right forehead; 64-ch EEG,Negative=lower tPBM dNP,cohort_id=UTA-1064-EEG-49; 66 correlated effects; companions Wang21/Shahdadian22/Truong23,READY - DIGITIZED UTA NETWORK POWER
EEG-R189,189,Wang et al. 2022,Gamma N1 [UTA-W22-GAMMA-REC-N01],-0.2353735896,0.0225663734,UTA-1064-EEG-49,Wang2022,source network power,gamma,eyes closed,recovery,study-defined source network,paired sham-subtracted normalized power,1,Available study-level estimate; source/working assumptions retained,1,1,0,0,0,0,44,,Fig7 dNP=-9.901%; SEM=6.230%; paired dz -> Hedges g,Included - UTA cohort; multilevel/RVE,Paired randomized-order active vs sham; 1064 nm; right forehead; 64-ch EEG,Negative=lower tPBM dNP,cohort_id=UTA-1064-EEG-49; 66 correlated effects; companions Wang21/Shahdadian22/Truong23,READY - DIGITIZED UTA NETWORK POWER
EEG-R190,190,Wang et al. 2022,Gamma N2 [UTA-W22-GAMMA-04-N02],-0.2381931727,0.0225815469,UTA-1064-EEG-49,Wang2022,source network power,gamma,eyes closed,during 0-4 min,study-defined source network,paired sham-subtracted normalized power,1,Available study-level estimate; source/working assumptions retained,1,1,0,0,0,0,44,,Fig7 dNP=-8.552%; SEM=5.317%; paired dz -> Hedges g,Included - UTA cohort; multilevel/RVE,Paired randomized-order active vs sham; 1064 nm; right forehead; 64-ch EEG,Negative=lower tPBM dNP,cohort_id=UTA-1064-EEG-49; 66 correlated effects; companions Wang21/Shahdadian22/Truong23,READY - DIGITIZED UTA NETWORK POWER
EEG-R191,191,Wang et al. 2022,Gamma N2 [UTA-W22-GAMMA-48-N02],-0.2875485148,0.0228764123,UTA-1064-EEG-49,Wang2022,source network power,gamma,eyes closed,during 4-8 min,study-defined source network,paired sham-subtracted normalized power,1,Available study-level estimate; source/working assumptions retained,1,1,0,0,0,0,44,,Fig7 dNP=-8.552%; SEM=4.405%; paired dz -> Hedges g,Included - UTA cohort; multilevel/RVE,Paired randomized-order active vs sham; 1064 nm; right forehead; 64-ch EEG,Negative=lower tPBM dNP,cohort_id=UTA-1064-EEG-49; 66 correlated effects; companions Wang21/Shahdadian22/Truong23,READY - DIGITIZED UTA NETWORK POWER
EEG-R192,192,Wang et al. 2022,Gamma N2 [UTA-W22-GAMMA-REC-N02],-0.2544362126,0.0226724764,UTA-1064-EEG-49,Wang2022,source network power,gamma,eyes closed,recovery,study-defined source network,paired sham-subtracted normalized power,1,Available study-level estimate; source/working assumptions retained,1,1,0,0,0,0,44,,Fig7 dNP=-12.202%; SEM=7.103%; paired dz -> Hedges g,Included - UTA cohort; multilevel/RVE,Paired randomized-order active vs sham; 1064 nm; right forehead; 64-ch EEG,Negative=lower tPBM dNP,cohort_id=UTA-1064-EEG-49; 66 correlated effects; companions Wang21/Shahdadian22/Truong23,READY - DIGITIZED UTA NETWORK POWER
EEG-R193,193,Wang et al. 2022,Gamma N3 [UTA-W22-GAMMA-04-N03],-0.0678191722,0.0219890861,UTA-1064-EEG-49,Wang2022,source network power,gamma,eyes closed,during 0-4 min,study-defined source network,paired sham-subtracted normalized power,1,Available study-level estimate; source/working assumptions retained,1,1,0,0,0,0,44,,Fig7 dNP=-1.726%; SEM=3.770%; paired dz -> Hedges g,Included - UTA cohort; multilevel/RVE,Paired randomized-order active vs sham; 1064 nm; right forehead; 64-ch EEG,Negative=lower tPBM dNP,cohort_id=UTA-1064-EEG-49; 66 correlated effects; companions Wang21/Shahdadian22/Truong23,READY - DIGITIZED UTA NETWORK POWER
EEG-R194,194,Wang et al. 2022,Gamma N3 [UTA-W22-GAMMA-48-N03],0.0641813622,0.0219836293,UTA-1064-EEG-49,Wang2022,source network power,gamma,eyes closed,during 4-8 min,study-defined source network,paired sham-subtracted normalized power,1,Available study-level estimate; source/working assumptions retained,1,1,0,0,0,0,44,,Fig7 dNP=1.806%; SEM=4.167%; paired dz -> Hedges g,Included - UTA cohort; multilevel/RVE,Paired randomized-order active vs sham; 1064 nm; right forehead; 64-ch EEG,Positive=higher tPBM dNP,cohort_id=UTA-1064-EEG-49; 66 correlated effects; companions Wang21/Shahdadian22/Truong23,READY - DIGITIZED UTA NETWORK POWER
EEG-R195,195,Wang et al. 2022,Gamma N3 [UTA-W22-GAMMA-REC-N03],-0.0060931673,0.0219372416,UTA-1064-EEG-49,Wang2022,source network power,gamma,eyes closed,recovery,study-defined source network,paired sham-subtracted normalized power,1,Available study-level estimate; source/working assumptions retained,1,1,0,0,0,0,44,,Fig7 dNP=-0.258%; SEM=6.270%; paired dz -> Hedges g,Included - UTA cohort; multilevel/RVE,Paired randomized-order active vs sham; 1064 nm; right forehead; 64-ch EEG,Negative=lower tPBM dNP,cohort_id=UTA-1064-EEG-49; 66 correlated effects; companions Wang21/Shahdadian22/Truong23,READY - DIGITIZED UTA NETWORK POWER
EEG-R196,196,Wang et al. 2022,Gamma N4 [UTA-W22-GAMMA-04-N04],-0.2970354677,0.0229394341,UTA-1064-EEG-49,Wang2022,source network power,gamma,eyes closed,during 0-4 min,study-defined source network,paired sham-subtracted normalized power,1,Available study-level estimate; source/working assumptions retained,1,1,0,0,0,0,44,,Fig7 dNP=-7.242%; SEM=3.611%; paired dz -> Hedges g,Included - UTA cohort; multilevel/RVE,Paired randomized-order active vs sham; 1064 nm; right forehead; 64-ch EEG,Negative=lower tPBM dNP,cohort_id=UTA-1064-EEG-49; 66 correlated effects; companions Wang21/Shahdadian22/Truong23,READY - DIGITIZED UTA NETWORK POWER
EEG-R197,197,Wang et al. 2022,Gamma N4 [UTA-W22-GAMMA-48-N04],-0.3313979954,0.0231848269,UTA-1064-EEG-49,Wang2022,source network power,gamma,eyes closed,during 4-8 min,study-defined source network,paired sham-subtracted normalized power,1,Available study-level estimate; source/working assumptions retained,1,1,0,0,0,0,44,,Fig7 dNP=-10.655%; SEM=4.762%; paired dz -> Hedges g,Included - UTA cohort; multilevel/RVE,Paired randomized-order active vs sham; 1064 nm; right forehead; 64-ch EEG,Negative=lower tPBM dNP,cohort_id=UTA-1064-EEG-49; 66 correlated effects; companions Wang21/Shahdadian22/Truong23,READY - DIGITIZED UTA NETWORK POWER
EEG-R198,198,Wang et al. 2022,Gamma N4 [UTA-W22-GAMMA-REC-N04],-0.3067357127,0.0230059879,UTA-1064-EEG-49,Wang2022,source network power,gamma,eyes closed,recovery,study-defined source network,paired sham-subtracted normalized power,1,Available study-level estimate; source/working assumptions retained,1,1,0,0,0,0,44,,Fig7 dNP=-13.313%; SEM=6.429%; paired dz -> Hedges g,Included - UTA cohort; multilevel/RVE,Paired randomized-order active vs sham; 1064 nm; right forehead; 64-ch EEG,Negative=lower tPBM dNP,cohort_id=UTA-1064-EEG-49; 66 correlated effects; companions Wang21/Shahdadian22/Truong23,READY - DIGITIZED UTA NETWORK POWER
EEG-R199,199,Wang et al. 2022,Gamma N5 [UTA-W22-GAMMA-04-N05],-0.2984657754,0.0229491131,UTA-1064-EEG-49,Wang2022,source network power,gamma,eyes closed,during 0-4 min,study-defined source network,paired sham-subtracted normalized power,1,Available study-level estimate; source/working assumptions retained,1,1,0,0,0,0,44,,Fig7 dNP=-7.917%; SEM=3.929%; paired dz -> Hedges g,Included - UTA cohort; multilevel/RVE,Paired randomized-order active vs sham; 1064 nm; right forehead; 64-ch EEG,Negative=lower tPBM dNP,cohort_id=UTA-1064-EEG-49; 66 correlated effects; companions Wang21/Shahdadian22/Truong23,READY - DIGITIZED UTA NETWORK POWER
EEG-R200,200,Wang et al. 2022,Gamma N5 [UTA-W22-GAMMA-48-N05],-0.3531402989,0.0233539569,UTA-1064-EEG-49,Wang2022,source network power,gamma,eyes closed,during 4-8 min,study-defined source network,paired sham-subtracted normalized power,1,Available study-level estimate; source/working assumptions retained,1,1,0,0,0,0,44,,Fig7 dNP=-11.448%; SEM=4.802%; paired dz -> Hedges g,Included - UTA cohort; multilevel/RVE,Paired randomized-order active vs sham; 1064 nm; right forehead; 64-ch EEG,Negative=lower tPBM dNP,cohort_id=UTA-1064-EEG-49; 66 correlated effects; companions Wang21/Shahdadian22/Truong23,READY - DIGITIZED UTA NETWORK POWER
EEG-R201,201,Wang et al. 2022,Gamma N5 [UTA-W22-GAMMA-REC-N05],-0.280710064,0.0228322531,UTA-1064-EEG-49,Wang2022,source network power,gamma,eyes closed,recovery,study-defined source network,paired sham-subtracted normalized power,1,Available study-level estimate; source/working assumptions retained,1,1,0,0,0,0,44,,Fig7 dNP=-11.131%; SEM=5.873%; paired dz -> Hedges g,Included - UTA cohort; multilevel/RVE,Paired randomized-order active vs sham; 1064 nm; right forehead; 64-ch EEG,Negative=lower tPBM dNP,cohort_id=UTA-1064-EEG-49; 66 correlated effects; companions Wang21/Shahdadian22/Truong23,READY - DIGITIZED UTA NETWORK POWER
EEG-R202,202,Wang et al. 2022,Gamma N6 [UTA-W22-GAMMA-04-N06],-0.0961615129,0.0220418997,UTA-1064-EEG-49,Wang2022,source network power,gamma,eyes closed,during 0-4 min,study-defined source network,paired sham-subtracted normalized power,1,Available study-level estimate; source/working assumptions retained,1,1,0,0,0,0,44,,Fig7 dNP=-1.726%; SEM=2.659%; paired dz -> Hedges g,Included - UTA cohort; multilevel/RVE,Paired randomized-order active vs sham; 1064 nm; right forehead; 64-ch EEG,Negative=lower tPBM dNP,cohort_id=UTA-1064-EEG-49; 66 correlated effects; companions Wang21/Shahdadian22/Truong23,READY - DIGITIZED UTA NETWORK POWER
EEG-R203,203,Wang et al. 2022,Gamma N6 [UTA-W22-GAMMA-48-N06],-0.0776243538,0.0220052918,UTA-1064-EEG-49,Wang2022,source network power,gamma,eyes closed,during 4-8 min,study-defined source network,paired sham-subtracted normalized power,1,Available study-level estimate; source/working assumptions retained,1,1,0,0,0,0,44,,Fig7 dNP=-1.726%; SEM=3.294%; paired dz -> Hedges g,Included - UTA cohort; multilevel/RVE,Paired randomized-order active vs sham; 1064 nm; right forehead; 64-ch EEG,Negative=lower tPBM dNP,cohort_id=UTA-1064-EEG-49; 66 correlated effects; companions Wang21/Shahdadian22/Truong23,READY - DIGITIZED UTA NETWORK POWER
EEG-R204,204,Wang et al. 2022,Gamma N6 [UTA-W22-GAMMA-REC-N06],-0.0310768272,0.0219477944,UTA-1064-EEG-49,Wang2022,source network power,gamma,eyes closed,recovery,study-defined source network,paired sham-subtracted normalized power,1,Available study-level estimate; source/working assumptions retained,1,1,0,0,0,0,44,,Fig7 dNP=-0.933%; SEM=4.444%; paired dz -> Hedges g,Included - UTA cohort; multilevel/RVE,Paired randomized-order active vs sham; 1064 nm; right forehead; 64-ch EEG,Negative=lower tPBM dNP,cohort_id=UTA-1064-EEG-49; 66 correlated effects; companions Wang21/Shahdadian22/Truong23,READY - DIGITIZED UTA NETWORK POWER
EEG-R205,205,Wang et al. 2022,Gamma N7 [UTA-W22-GAMMA-04-N07],-0.1663483642,0.0222512717,UTA-1064-EEG-49,Wang2022,source network power,gamma,eyes closed,during 0-4 min,study-defined source network,paired sham-subtracted normalized power,1,Available study-level estimate; source/working assumptions retained,1,1,0,0,0,0,44,,Fig7 dNP=-5.972%; SEM=5.317%; paired dz -> Hedges g,Included - UTA cohort; multilevel/RVE,Paired randomized-order active vs sham; 1064 nm; right forehead; 64-ch EEG,Negative=lower tPBM dNP,cohort_id=UTA-1064-EEG-49; 66 correlated effects; companions Wang21/Shahdadian22/Truong23,READY - DIGITIZED UTA NETWORK POWER
EEG-R206,206,Wang et al. 2022,Gamma N7 [UTA-W22-GAMMA-48-N07],-0.1610144315,0.0222314293,UTA-1064-EEG-49,Wang2022,source network power,gamma,eyes closed,during 4-8 min,study-defined source network,paired sham-subtracted normalized power,1,Available study-level estimate; source/working assumptions retained,1,1,0,0,0,0,44,,Fig7 dNP=-5.694%; SEM=5.238%; paired dz -> Hedges g,Included - UTA cohort; multilevel/RVE,Paired randomized-order active vs sham; 1064 nm; right forehead; 64-ch EEG,Negative=lower tPBM dNP,cohort_id=UTA-1064-EEG-49; 66 correlated effects; companions Wang21/Shahdadian22/Truong23,READY - DIGITIZED UTA NETWORK POWER
EEG-R207,207,Wang et al. 2022,Gamma N7 [UTA-W22-GAMMA-REC-N07],-0.1295207927,0.0221274519,UTA-1064-EEG-49,Wang2022,source network power,gamma,eyes closed,recovery,study-defined source network,paired sham-subtracted normalized power,1,Available study-level estimate; source/working assumptions retained,1,1,0,0,0,0,44,,Fig7 dNP=-8.433%; SEM=9.643%; paired dz -> Hedges g,Included - UTA cohort; multilevel/RVE,Paired randomized-order active vs sham; 1064 nm; right forehead; 64-ch EEG,Negative=lower tPBM dNP,cohort_id=UTA-1064-EEG-49; 66 correlated effects; companions Wang21/Shahdadian22/Truong23,READY - DIGITIZED UTA NETWORK POWER
EEG-R208,208,Wang et al. 2022,Gamma N8 [UTA-W22-GAMMA-04-N08],-0.1471734256,0.0221829563,UTA-1064-EEG-49,Wang2022,source network power,gamma,eyes closed,during 0-4 min,study-defined source network,paired sham-subtracted normalized power,1,Available study-level estimate; source/working assumptions retained,1,1,0,0,0,0,44,,Fig7 dNP=-3.115%; SEM=3.135%; paired dz -> Hedges g,Included - UTA cohort; multilevel/RVE,Paired randomized-order active vs sham; 1064 nm; right forehead; 64-ch EEG,Negative=lower tPBM dNP,cohort_id=UTA-1064-EEG-49; 66 correlated effects; companions Wang21/Shahdadian22/Truong23,READY - DIGITIZED UTA NETWORK POWER
EEG-R209,209,Wang et al. 2022,Gamma N8 [UTA-W22-GAMMA-48-N08],-0.1969070416,0.022377415,UTA-1064-EEG-49,Wang2022,source network power,gamma,eyes closed,during 4-8 min,study-defined source network,paired sham-subtracted normalized power,1,Available study-level estimate; source/working assumptions retained,1,1,0,0,0,0,44,,Fig7 dNP=-6.806%; SEM=5.119%; paired dz -> Hedges g,Included - UTA cohort; multilevel/RVE,Paired randomized-order active vs sham; 1064 nm; right forehead; 64-ch EEG,Negative=lower tPBM dNP,cohort_id=UTA-1064-EEG-49; 66 correlated effects; companions Wang21/Shahdadian22/Truong23,READY - DIGITIZED UTA NETWORK POWER
EEG-R210,210,Wang et al. 2022,Gamma N8 [UTA-W22-GAMMA-REC-N08],-0.2694356696,0.0227617695,UTA-1064-EEG-49,Wang2022,source network power,gamma,eyes closed,recovery,study-defined source network,paired sham-subtracted normalized power,1,Available study-level estimate; source/working assumptions retained,1,1,0,0,0,0,44,,Fig7 dNP=-10.179%; SEM=5.595%; paired dz -> Hedges g,Included - UTA cohort; multilevel/RVE,Paired randomized-order active vs sham; 1064 nm; right forehead; 64-ch EEG,Negative=lower tPBM dNP,cohort_id=UTA-1064-EEG-49; 66 correlated effects; companions Wang21/Shahdadian22/Truong23,READY - DIGITIZED UTA NETWORK POWER
EEG-R211,211,Wang et al. 2022,Gamma N9 [UTA-W22-GAMMA-04-N09],-0.386146108,0.0236312381,UTA-1064-EEG-49,Wang2022,source network power,gamma,eyes closed,during 0-4 min,study-defined source network,paired sham-subtracted normalized power,1,Available study-level estimate; source/working assumptions retained,1,1,0,0,0,0,44,,Fig7 dNP=-7.242%; SEM=2.778%; paired dz -> Hedges g,Included - UTA cohort; multilevel/RVE,Paired randomized-order active vs sham; 1064 nm; right forehead; 64-ch EEG,Negative=lower tPBM dNP,cohort_id=UTA-1064-EEG-49; 66 correlated effects; companions Wang21/Shahdadian22/Truong23,READY - DIGITIZED UTA NETWORK POWER
EEG-R212,212,Wang et al. 2022,Gamma N9 [UTA-W22-GAMMA-48-N09],-0.3539160091,0.0233601895,UTA-1064-EEG-49,Wang2022,source network power,gamma,eyes closed,during 4-8 min,study-defined source network,paired sham-subtracted normalized power,1,Available study-level estimate; source/working assumptions retained,1,1,0,0,0,0,44,,Fig7 dNP=-8.155%; SEM=3.413%; paired dz -> Hedges g,Included - UTA cohort; multilevel/RVE,Paired randomized-order active vs sham; 1064 nm; right forehead; 64-ch EEG,Negative=lower tPBM dNP,cohort_id=UTA-1064-EEG-49; 66 correlated effects; companions Wang21/Shahdadian22/Truong23,READY - DIGITIZED UTA NETWORK POWER
EEG-R213,213,Wang et al. 2022,Gamma N9 [UTA-W22-GAMMA-REC-N09],-0.3726095439,0.0235145228,UTA-1064-EEG-49,Wang2022,source network power,gamma,eyes closed,recovery,study-defined source network,paired sham-subtracted normalized power,1,Available study-level estimate; source/working assumptions retained,1,1,0,0,0,0,44,,Fig7 dNP=-12.679%; SEM=5.040%; paired dz -> Hedges g,Included - UTA cohort; multilevel/RVE,Paired randomized-order active vs sham; 1064 nm; right forehead; 64-ch EEG,Negative=lower tPBM dNP,cohort_id=UTA-1064-EEG-49; 66 correlated effects; companions Wang21/Shahdadian22/Truong23,READY - DIGITIZED UTA NETWORK POWER
EEG-R214,214,Wang et al. 2022,Gamma N10 [UTA-W22-GAMMA-04-N10],-0.2145924043,0.022460114,UTA-1064-EEG-49,Wang2022,source network power,gamma,eyes closed,during 0-4 min,study-defined source network,paired sham-subtracted normalized power,1,Available study-level estimate; source/working assumptions retained,1,1,0,0,0,0,44,,Fig7 dNP=-5.060%; SEM=3.492%; paired dz -> Hedges g,Included - UTA cohort; multilevel/RVE,Paired randomized-order active vs sham; 1064 nm; right forehead; 64-ch EEG,Negative=lower tPBM dNP,cohort_id=UTA-1064-EEG-49; 66 correlated effects; companions Wang21/Shahdadian22/Truong23,READY - DIGITIZED UTA NETWORK POWER
EEG-R215,215,Wang et al. 2022,Gamma N10 [UTA-W22-GAMMA-48-N10],-0.3500166453,0.0233289976,UTA-1064-EEG-49,Wang2022,source network power,gamma,eyes closed,during 4-8 min,study-defined source network,paired sham-subtracted normalized power,1,Available study-level estimate; source/working assumptions retained,1,1,0,0,0,0,44,,Fig7 dNP=-9.940%; SEM=4.206%; paired dz -> Hedges g,Included - UTA cohort; multilevel/RVE,Paired randomized-order active vs sham; 1064 nm; right forehead; 64-ch EEG,Negative=lower tPBM dNP,cohort_id=UTA-1064-EEG-49; 66 correlated effects; companions Wang21/Shahdadian22/Truong23,READY - DIGITIZED UTA NETWORK POWER
EEG-R216,216,Wang et al. 2022,Gamma N10 [UTA-W22-GAMMA-REC-N10],-0.2057094944,0.0224176879,UTA-1064-EEG-49,Wang2022,source network power,gamma,eyes closed,recovery,study-defined source network,paired sham-subtracted normalized power,1,Available study-level estimate; source/working assumptions retained,1,1,0,0,0,0,44,,Fig7 dNP=-8.433%; SEM=6.071%; paired dz -> Hedges g,Included - UTA cohort; multilevel/RVE,Paired randomized-order active vs sham; 1064 nm; right forehead; 64-ch EEG,Negative=lower tPBM dNP,cohort_id=UTA-1064-EEG-49; 66 correlated effects; companions Wang21/Shahdadian22/Truong23,READY - DIGITIZED UTA NETWORK POWER
EEG-R217,217,Wang et al. 2022,Gamma N11 [UTA-W22-GAMMA-04-N11],-0.2819541143,0.0228402075,UTA-1064-EEG-49,Wang2022,source network power,gamma,eyes closed,during 0-4 min,study-defined source network,paired sham-subtracted normalized power,1,Available study-level estimate; source/working assumptions retained,1,1,0,0,0,0,44,,Fig7 dNP=-8.234%; SEM=4.325%; paired dz -> Hedges g,Included - UTA cohort; multilevel/RVE,Paired randomized-order active vs sham; 1064 nm; right forehead; 64-ch EEG,Negative=lower tPBM dNP,cohort_id=UTA-1064-EEG-49; 66 correlated effects; companions Wang21/Shahdadian22/Truong23,READY - DIGITIZED UTA NETWORK POWER
EEG-R218,218,Wang et al. 2022,Gamma N11 [UTA-W22-GAMMA-48-N11],-0.38479776,0.0236194256,UTA-1064-EEG-49,Wang2022,source network power,gamma,eyes closed,during 4-8 min,study-defined source network,paired sham-subtracted normalized power,1,Available study-level estimate; source/working assumptions retained,1,1,0,0,0,0,44,,Fig7 dNP=-15.774%; SEM=6.071%; paired dz -> Hedges g,Included - UTA cohort; multilevel/RVE,Paired randomized-order active vs sham; 1064 nm; right forehead; 64-ch EEG,Negative=lower tPBM dNP,cohort_id=UTA-1064-EEG-49; 66 correlated effects; companions Wang21/Shahdadian22/Truong23,READY - DIGITIZED UTA NETWORK POWER
EEG-R219,219,Wang et al. 2022,Gamma N11 [UTA-W22-GAMMA-REC-N11],-0.2874473332,0.0228757512,UTA-1064-EEG-49,Wang2022,source network power,gamma,eyes closed,recovery,study-defined source network,paired sham-subtracted normalized power,1,Available study-level estimate; source/working assumptions retained,1,1,0,0,0,0,44,,Fig7 dNP=-16.250%; SEM=8.373%; paired dz -> Hedges g,Included - UTA cohort; multilevel/RVE,Paired randomized-order active vs sham; 1064 nm; right forehead; 64-ch EEG,Negative=lower tPBM dNP,cohort_id=UTA-1064-EEG-49; 66 correlated effects; companions Wang21/Shahdadian22/Truong23,READY - DIGITIZED UTA NETWORK POWER
EEG-R220,220,Bastola et al. 2026,Alpha PTE BA9→BA6,0.6585263158,0.0845172595,UTSW-1064-MEGEEG-25,Bastola,directional PTE,alpha,eyes open,immediate post,source edge BA9→BA6,author-defined marginal-SD d_av,1,Available study-level estimate; source/working assumptions retained,1,0,0,0,1,0,25,,Author d_av → Hedges g; conservative independent-groups working variance,Controlled EEG/MEG connectivity—variance-conservative sensitivity,Counterbalanced single-blind within-subject active/sham,Positive=stronger active directional connectivity,cohort_id=UTSW-1064-MEGEEG-25; five correlated PTE effects; Pruitt 2024 companion; count cohort once,READY—AUTHOR d_av / WORKING VARIANCE
EEG-R221,221,Bastola et al. 2026,Alpha PTE BA6→BA4,0.7166315789,0.0853495919,UTSW-1064-MEGEEG-25,Bastola,directional PTE,alpha,eyes open,immediate post,source edge BA6→BA4,author-defined marginal-SD d_av,1,Available study-level estimate; source/working assumptions retained,1,0,0,0,1,0,25,,Author d_av → Hedges g; conservative independent-groups working variance,Controlled EEG/MEG connectivity—variance-conservative sensitivity,Counterbalanced single-blind within-subject active/sham,Positive=stronger active directional connectivity,cohort_id=UTSW-1064-MEGEEG-25; five correlated PTE effects; Pruitt 2024 companion; count cohort once,READY—AUTHOR d_av / WORKING VARIANCE
EEG-R222,222,Bastola et al. 2026,Beta PTE BA6→BA4,0.7941052632,0.086568783,UTSW-1064-MEGEEG-25,Bastola,directional PTE,beta,eyes open,immediate post,source edge BA6→BA4,author-defined marginal-SD d_av,1,Available study-level estimate; source/working assumptions retained,1,0,0,0,1,0,25,,Author d_av → Hedges g; conservative independent-groups working variance,Controlled EEG/MEG connectivity—variance-conservative sensitivity,Counterbalanced single-blind within-subject active/sham,Positive=stronger active directional connectivity,cohort_id=UTSW-1064-MEGEEG-25; five correlated PTE effects; Pruitt 2024 companion; count cohort once,READY—AUTHOR d_av / WORKING VARIANCE
EEG-R223,223,Bastola et al. 2026,Beta PTE BA4→BA3,0.4454736842,0.0820671542,UTSW-1064-MEGEEG-25,Bastola,directional PTE,beta,eyes open,immediate post,source edge BA4→BA3,author-defined marginal-SD d_av,1,Available study-level estimate; source/working assumptions retained,1,0,0,0,1,0,25,,Author d_av → Hedges g; conservative independent-groups working variance,Controlled EEG/MEG connectivity—variance-conservative sensitivity,Counterbalanced single-blind within-subject active/sham,Positive=stronger active directional connectivity,cohort_id=UTSW-1064-MEGEEG-25; five correlated PTE effects; Pruitt 2024 companion; count cohort once,READY—AUTHOR d_av / WORKING VARIANCE
EEG-R224,224,Bastola et al. 2026,Beta PTE BA3→BA22,0.5616842105,0.0832863453,UTSW-1064-MEGEEG-25,Bastola,directional PTE,beta,eyes open,immediate post,source edge BA3→BA22,author-defined marginal-SD d_av,1,Available study-level estimate; source/working assumptions retained,1,0,0,0,1,0,25,,Author d_av → Hedges g; conservative independent-groups working variance,Controlled EEG/MEG connectivity—variance-conservative sensitivity,Counterbalanced single-blind within-subject active/sham,Positive=stronger active directional connectivity,cohort_id=UTSW-1064-MEGEEG-25; five correlated PTE effects; Pruitt 2024 companion; count cohort once,READY—AUTHOR d_av / WORKING VARIANCE
